wav_filename,wav_filesize,transcript
010017d6d8.wav,140878,উত্তর খুঁজিতে খুঁজিতে
010028a0cf.wav,259278,লেখাপড়া করতে পারতাম
01006aa91a.wav,86478,ধর্মের কাজ সেভাবে করবো
0100775f68.wav,89678,২৮টি ওষুধের দোকানে
0100eda5b7.wav,115278,মলিন কমল-মালা
0101134fd1.wav,112078,মিথ্যা ও ষড়যন্ত্র করে
01011fbd62.wav,121678,তারা সকল
0101efa09b.wav,246478,"জাপানে নববর্ষ উপলক্ষে বানানো হয় চালের কেক, যাকে বলা হয় ‘মোশি’।"
01020355ec.wav,86478,বিছানা থেকে
01021bb997.wav,121678,বাংলাদেশ নাটোক
010228f993.wav,86478,সাড়ে ৮টার দিকে
01023a34e6.wav,92878,আপাতত নিরাপদ আশ্রয়
010266848b.wav,115278,ইলিয়াস তরুণ পাঠক শ্রেণীর
01028519d3.wav,131278,রাজ জানান
01028fb20a.wav,118478,বালিতে আন্তর্জাতিক বিমানবন্দর
0102a82447.wav,156878,শিবম শর্মা ও লক্ষ্মীপতি বালাজি
0102b66195.wav,99278,অনুপ্রেরণা জোগাচ্ছে
0102f22791.wav,115278,মোট দেশজ উতপাদন বৃদ্ধির
010346c8b2.wav,105678,পালন করবে
01040137de.wav,150478,দাঙ্গাবাজের দল
0105817e39.wav,102478,আগে এর প্রতি গ্রামের
0105ee921c.wav,80078,মূল প্রস্তাব
01063127fc.wav,140878,সেই আয়াতটি অর্থাৎ
01067f51f2.wav,105678,নাশকতাকারী হিসেবে
01074d53ae.wav,76878,মনে হবে বুঝি
01076eafa0.wav,115278,ঘোড়া প্রস্তুত
0107a65e29.wav,144078,তখন গুপি তাকে বলল
0107e9e6eb.wav,73678,দ্বিমুখী অডিও
0108157f1a.wav,131278,বাংলাদেশের জন্য কোন সুযোগ
0108471844.wav,118478,আলোচনায় আসেন তিনি
01086639b5.wav,86478,নেতা-কর্মীদের সঙ্গে
010884edf8.wav,73678,দিনাজপুরে
01089d50fc.wav,96078,আইফোনের বিক্রির
0108be18cf.wav,112078,ও বোনের আপদ্ পড়িলে
0108cdfced.wav,124878,লর্ড কার্জন কিসের ভিত্তিতে
0108d5d597.wav,105678,উন্নয়ন সম্ভব নয়
010982a6dc.wav,89678,অবশ্য উদ্ধার করা দুরূহ
0109a519d8.wav,73678,সম্ভোগ
010a4b37a9.wav,92878,ডাকাতদল অস্ত্রের মুখে
010ad1782a.wav,70478,পাবনা
010add747a.wav,99278,আত্মরক্ষার প্রয়োজনটাই
010af230ec.wav,121678,সুচিত্রা সেনের পারিবারিক নাম ছিল রমা দাশগুপ্ত।
010b30757b.wav,102478,অবধারণ করিয়া রাখিয়াছি
010bd95822.wav,137678,গরিব বাঙ্গালীর ছেলে সাহেব হইয়া
010c21c374.wav,99278,যাতায়াত করত
010c2d0d77.wav,70478,অজানা এক কারণে
010c3b2480.wav,134478,স্থানীয় ইউনিয়ন পরিষদ চেয়ারম্যান
010c941d4b.wav,86478,সেখানে ফ্রান্সের বিরুদ্ধে
010d190b45.wav,92878,নেমেছিল বৃষ্টি
010d920cfb.wav,118478,ইউক্রেনের পরিস্থিতি
010da6285e.wav,76878,অপরাজিতা
010e0e10a3.wav,115278,বগুড়ায় চতুর্থ
010e333dcf.wav,89678,আমার ছেলেমেয়েরা
010e6e3294.wav,102478,ব্যাগের ভেতর থেকে
010e8d9edb.wav,140878,টেট্রাঅ্যামিন ইত্যাদি বলে
010e93d73e.wav,112078,আমাকে টেনে এনেছিল
010ee27913.wav,134478,কাঁপিতে লাগিলেন
010f6966bc.wav,115278,নয়তো হার্টফেল করত
010fb2520d.wav,99278,দুই গোলার্ধ থেকে
010fd1f06f.wav,64078,একবারও আকাশটা
010fe77eef.wav,115278,সংসদের কোনো সদস্য মারা গেলে
01103ebdbc.wav,73678,অংশগ্রহণ করেছি
011088dffd.wav,131278,দেশের দুই শীর্ষস্থানীয় প্রতিষ্ঠানের
0110f2775f.wav,105678,আমরা যে রাজাবাড়ি যাব
0111495e98.wav,115278,বাণিজ্যিকভাবে পাখির খামার গড়ে
0111af71a8.wav,70478,মোদির সামনে
011212642b.wav,160078,সোহরাব হোসেন ছায়ানটের
011219fd88.wav,102478,নামাজ সেরে বাবারা
01129c7bca.wav,80078,রাজনীতিতে যোগ দেন
0112ef2760.wav,86478,বলিউড নিউজ
01130fbd13.wav,86478,গ্যাস আবিষ্কৃত হয়েছে
011316ce46.wav,96078,আমি কোনোভাবেই
0113e7e75e.wav,137678,সবাই অপেক্ষা করছে
01140baad3.wav,115278,আঙুলে তুড়ি বাজিয়ে বলি
01142ed18e.wav,105678,সেখান থেকে বের হয়ে যেতে হয়
01143175dd.wav,115278,ব্লাডারটা খুলে ফেলে
0114639474.wav,80078,এর আগে তিনি
01147cb696.wav,92878,আগুনে বস্তির
011481592e.wav,92878,পারিবারিক শিক্ষাই
01148d68d9.wav,105678,গুলির আশঙ্কায়
011492c92e.wav,118478,শুনুন দলের অন্যতম সদস্য
01149e1b7b.wav,131278,সকল ধর্মবর্ণের আমেরিকানই
0114ae6fc2.wav,115278,জমায় নিউজিল্যান্ড
0114eb826d.wav,156878,কিছু টিপস দিয়েছেন
011585090f.wav,92878,পথিক
0115f83e28.wav,80078,ঘটনা ঘটে গেছে
011613f38c.wav,150478,একজন বাপ্টিস্ট ধর্মযাজক
01167992e1.wav,76878,সম্পর্ক রয়েছে
01168d2b5d.wav,99278,হরতালে টহলরত পুলিশের
0116921838.wav,147278,রূপ ও ছন্দের মিলনে
0116cc38f5.wav,80078,আঘাত হানে
01173183e1.wav,92878,আমরা ওদের দিকে
011747668c.wav,185678,সেজন্য হিস্পানিক কমিউনিটির কাছে
01175dbd12.wav,147278,দুইটি উপদল এ বিভক্ত হয়
011778d828.wav,73678,তা হয়নি
0117bcaf61.wav,86478,নিশ্চিত না হওয়ার আগে
0118626532.wav,156878,পদযাত্রাটি আগারগাঁওয়ের
01199a2b72.wav,76878,মেয়েদের ব্যাপারে
011b0701cc.wav,166478,তন্ত্র মন্ত্র শিক্ষা
011be9978b.wav,76878,তাই মনে করেন
011c544c40.wav,137678,পারোনি বলেই
011c670143.wav,105678,থেকে আলাদা হয়ে যায়
011ca8068b.wav,166478,প্রতি ছয়শ পরিবারের জন্য একজন করে কর্মী নির্দিষ্ট করা হয়েছিল।
011da4cbed.wav,172878,জানুয়ারি ও ফেব্রুয়ারির দুই সমীক্ষাতেই
011df31182.wav,176078,১৯৯৪ থেকে ১৯৯৯ সাল পর্যন্ত
011e321fa9.wav,147278,ইরাকের প্রধানমন্ত্রী নূরি আল মালিকি
011e6fbf35.wav,102478,হৃদরোগের চিকিৎসার জন্য
011ebca6a0.wav,108878,"নরোডোম শিয়ামনি,"
011ee51247.wav,96078,আগুন নেভাতে
0120112e11.wav,118478,তাদের প্রভাববলয় থেকে বেরিয়ে যেতে
012056cb34.wav,73678,খবর অনুযায়ী
0120d18a41.wav,105678,ঢাকা এবং বাংলাদেশের বিভিন্ন শহরে
0120d83605.wav,150478,আরও কিছু গুরুত্বপূর্ণ
0121049756.wav,115278,সিরিয়ার রাসায়নিক হামলার
0121284fed.wav,105678,করে বেড়াব
01215c5c7d.wav,144078,১৯৬৪ সালে অকল্যান্ড প্রযুক্তি ইন্সটিটিউট
01217b71a9.wav,83278,এ ঘটনায় জাতিসংঘ
012185a863.wav,73678,কণ্ঠ মেলান প্রবাসীরা
0121a5a802.wav,67278,তারপর
012353243b.wav,83278,গুপ্ত চিন্তা টেনে বের করা
012375606e.wav,76878,শিক্ষক পুল
0123d17435.wav,108878,অযাচিত নিয়ন্ত্রণ
012440c37f.wav,134478,হওয়ার কথা রয়েছে
012507c7eb.wav,121678,"এই ভায়োলিন তৈরি, সেখানে"
0125610541.wav,121678,"এদিকে, যুক্তরাষ্ট্র ও ইউরোপীয় ইউনিয়ন"
012561b99e.wav,64078,ঝড়
0125de825d.wav,105678,নৃত্য পরিচালক তানজিল
0126280d92.wav,96078,তুরস্কের সরকার
0126679da6.wav,118478,দর্শকদের বিভ্রান্তি আছে
01268a56a3.wav,108878,কিন্তু তিলোত্তমা স্বীকার করছেন
0126f439b2.wav,92878,হরতালের পরিবর্তে
01272f0fe2.wav,57678,পারিবারিক
0127c6226d.wav,92878,মা কোথাও কাঁদছেন
0127dace19.wav,86478,সে বিষয়ে কিছু
01280416c8.wav,115278,এতই চুপিসারে সেরেছেন
012817560e.wav,86478,তবে যারা ভাবছেন
01285ba969.wav,92878,সময় শেষ হয়ে যায়নি
0128c71da7.wav,115278,ররী একটু দূরে দূরে
012967cbe0.wav,172878,সরু ইনলেটের ওপার থেকে
01296dda4b.wav,83278,বাকি নেই আর
0129d78901.wav,64078,দিদি
012a3529b8.wav,112078,ফায়ারসার্ভিস সূত্র জানায়
012a806be7.wav,131278,দলের কোন নেতা-কর্মীর
012ae72f69.wav,86478,বঙ্গবন্ধু সেতু হয়ে
012b0235a9.wav,76878,স্ত্রীর ব্যাগে
012b3748d8.wav,83278,সংকট নিরসনে
012c1c8af0.wav,105678,সূর্যোদয়
012d3d2adc.wav,99278,বিক্রমপুরের ভাগ্যকুল
012d4da434.wav,160078,২২৫ বলের ইনিংসে চার ১৬টি
012e5968f9.wav,137678,অনুষ্ঠানে শেখ হাসিনা
012eb7f24c.wav,131278,ধানমণ্ডি জোনের পরিদর্শক
012eeaf99b.wav,121678,সবগুলো রাইডসে ভিড় রয়েছে
012f20a955.wav,86478,সমস্যা তৈরি হওয়ায়
012f889097.wav,102478,এটি তাদের
012f8bd3da.wav,83278,আজকের খেলা
012feda42a.wav,86478,বালতির পানি
0130548023.wav,137678,আবার সে বড়লোক হওয়ার কথা।
013091b7e4.wav,83278,সালোয়ার কামিজ পরার
013142cd4b.wav,108878,এর গড় উচ্চতা হল
0131b05ef8.wav,83278,পরিকল্পনা করা হচ্ছে
0131d41953.wav,160078,জগৎ অসার ও পরমেশ্বরই
0131ef6fc5.wav,86478,এপ্রিল ফুল
013207c33b.wav,121678,উদয়ন ও জালালাবাদ
01322abf0c.wav,76878,৩০০০ টাকার মধ্যে
01325d8a2a.wav,166478,কোনো লোকের সঙ্গে রতিক্রিয়ার জন্যে
0132669430.wav,128078,বেশ কিছুদিন ধরেই
01327db608.wav,92878,নামে অভিহিত করা হয়
0132af02f7.wav,99278,এরপরও অধিকাংশ স্থানেই
0132b6f11a.wav,105678,দলের বেলজিয়ান গোলরক্ষক
01331ae7f0.wav,163278,নিজেদের ভদ্দরনোকি কেতা
0133b70621.wav,92878,পরিকল্পনা নিয়েছে ১৮ দল
0133cba7cb.wav,96078,এটি হবে তৃতীয় সিনেমা
013459a567.wav,147278,তাতে শাসকদল এবং বিরোধীদল
0134b9ce90.wav,108878,জিততে পারেনি তারা
0134ebdec7.wav,86478,সকালে রওনা দেও
0134fee3cb.wav,214478,আকরাম খানের স্ত্রী সাবিনা আকরাম
013557cdf6.wav,121678,স্বতন্ত্র বেতন কাঠামো
0136485823.wav,83278,সবচেয়ে বড় জিনিস যে
0136677ba8.wav,99278,ধর্মপুরে ব্যবসায়ী
0136702d0e.wav,73678,পরামর্শ
0136f9acc5.wav,83278,সেবা প্রাপ্তির ক্ষেত্রে
01372ebb24.wav,99278,যা যুক্তরাষ্ট্রের চেয়েও বেশি
01376b22ea.wav,83278,ঘোষণা করার কথা রয়েছে
01379b4a29.wav,121678,গেস্টরুমের বিছানাটা
0137ac9b44.wav,105678,আজকে আবার জীবন আমার
0137b4a86b.wav,128078,এটা আমাদের চতুর্মাত্রিক
01382b0be1.wav,96078,রাজধানীর চকবাজার এলাকায়
01387d39e8.wav,105678,লাম্বের সঙ্গে বাদ পড়েছেন
01389ea5bb.wav,121678,ভর্তির প্রক্রিয়া শুরু করা হবে
01394ebbee.wav,80078,চীন থেকে
0139ab05f3.wav,73678,গ্রিক ভাষায়
0139b26459.wav,115278,৭ গোল করা
0139defac5.wav,102478,সব দেশেই লেগে থাকে
013a376e49.wav,102478,সিলেটে আইলাম কি
013a530102.wav,108878,জাহাজটি রক্ষার জন্য
013a58be9d.wav,153678,বৃষ্টিপাতের ধরন পাল্টে যাওয়া
013a661e1a.wav,60878,তারপর তিনি
013a739775.wav,64078,ছিল না
013a74dafa.wav,83278,গিফট আইটেম
013a8c7a03.wav,147278,ফলানো সম্ভব
013aeaeaec.wav,128078,১৯৫৫ সালে
013c5544c8.wav,105678,রাশিচক্র
013cce5d61.wav,105678,কোন সাপ এই মুহূর্তে
013cd9d091.wav,134478,আমি খুব আনন্দিত
013cef7ab9.wav,73678,বেশ লক্ষণীয় একটি দিক
013d30e11f.wav,115278,দিন চলে যায়
013df34d37.wav,211278,জানি না-আশার আলোকে
013e2b88c5.wav,96078,৫৭ রানের জুটি গড়ে
013e8fc18a.wav,76878,আমি কথা না বলে
013eb2aa8a.wav,140878,শিবানী এবং তাঁর ছেলেমেয়েরা
013ef0e631.wav,86478,মাসাজ করুন
013efe446a.wav,108878,মূল লড়াই হবে বলে
013f27a7df.wav,102478,বাড়তি এক লক্ষ
013f34ebf5.wav,92878,সহায়ক বই হিসেবে
013fc94a3d.wav,86478,অন্য ছেলে আব্দুল্লাহ
013fcc0dfd.wav,80078,কো পাইললট
013fce97aa.wav,105678,ধাবিত হয়
013fe9fddb.wav,86478,একক প্রার্থীরা
014028df54.wav,105678,বাংলাদেশে সাহিত্য-সংস্কৃতি
0140d9b95c.wav,128078,লিমন একবার চোখ খুলে
0140f76745.wav,99278,অহল্যার প্রশংসায়
014197a710.wav,96078,এখন আর কেউ নেই
0141f327d4.wav,112078,ভ্রম সংশোধন করা গিয়াছে
0142c52a2e.wav,83278,আমার যতটুকু প্রতিভা
0143071f0f.wav,89678,তবে পিঠে আর-একটা
014346d334.wav,89678,না থাকায়
014398248d.wav,128078,পরে কথা বলি
0143ac0750.wav,160078,দুই নাতনি রিয়া ও রাইমা সেন
0143dd93c6.wav,118478,পাখির দানা মুহে দেয়
01448b3f9e.wav,118478,অঞ্জন দত্তের
0144b3690a.wav,169678,তথ্যচিত্রটি দেখানো যাচ্ছে না
0144d2818e.wav,131278,বর্ণাঢ্য এক জীবনের
0144d4a791.wav,121678,শিব-মন্দিরের চতুর্দিকে
0144fea0f7.wav,112078,বিলে গ্রেপ্তারি পরোয়ানা ছাড়া
01453961a9.wav,80078,ইস্পাহানি ছাড়াও
0145d481ac.wav,80078,আবিষ্কার করেছে বিজ্ঞানীরা
0146501587.wav,108878,সন্ত্রাসের বিপক্ষে
01466e2d9a.wav,140878,এখন আপিলে আটকে গেছে
014686ca77.wav,92878,শিলালিপি হতে
0146a0f968.wav,128078,জল্পনা কাটেনি
014720985b.wav,86478,আগের প্রস্তাবে
0147d47ad2.wav,96078,করা হয়নি
0148199319.wav,115278,১০ মন জাটকা
01498e4be4.wav,73678,নৌকার ছবি
014994c218.wav,83278,৬টি বিভাগ গঠন করে
014a254b6c.wav,115278,পেপার-ব্যাক বইয়ের প্রচলন
014a3a9cfa.wav,57678,ভ্রমণ কাহিনী
014a580323.wav,89678,"৩ মে,প্রধানমন্ত্রী"
014a9b974d.wav,150478,উপাদানকে বলা হয় প্লাজমিড
014aa02c92.wav,92878,মানুষের সংস্কৃতিতে
014acc1da2.wav,86478,আইনে পরিণত হতে
014b58cba6.wav,115278,এ অর্থ রাতারাতি তো
014b9c76cb.wav,92878,গোল গোল কাঠ
014c08a882.wav,121678,৫ জন নতুন ডিজাইনার
014c0f7d07.wav,140878,সেখানে মোতায়েন ছিল
014cb40ea2.wav,96078,বিষয়টি মোবাইল ফোনে
014cd933e8.wav,102478,এখানে কাজ হবে না
014d48fb19.wav,115278,তার মতো প্রায় আড়াইশ শিক্ষার্থী
014d5b6755.wav,121678,মনুষ্যবল হইতে প্রাকৃতিক বল
014d5c751c.wav,124878,মার্কিন যুক্তরাষ্ট্রের চেয়ে
014e35f08b.wav,92878,স্বর্ণলুটের পর
014e3e1280.wav,83278,একবছরে ক্ষতি হয়
014eccbe8d.wav,83278,ও শুভেচ্ছা জানাচ্ছি
014ece32c0.wav,137678,চুরি করতে পারে না
014fd85b9d.wav,121678,সুলেখার মা বললেন
014fe4350a.wav,131278,বিষাক্ত তামাক সেবনের বদলে
014ff86ecd.wav,102478,আত্মহত্যার চেষ্টা করেছে
015001d83b.wav,89678,বলে মনে করা হচ্ছে
015025f1da.wav,89678,এখন নিজেই বলুন
0150c2c781.wav,131278,সে পথে চলতে পারে নি
0150fd00e1.wav,124878,দেখা করলাম
0151a5e97e.wav,137678,জসিমউদ্দিন আহমেদ
0151a6d4ed.wav,73678,বানী
0151d3f388.wav,76878,হয়ে যায়
015233dd44.wav,112078,এদিকে পুলিশের বন্দুকযুদ্ধ নিয়ে
0152366269.wav,102478,বৃষ্টি কমে যাবে একসময়
0152b6d207.wav,137678,টানা বেশ কয়েক দিন
0152c80893.wav,99278,সংসদ বর্জন
01532d8fba.wav,124878,কেমন নারীদেরকে
015336cc71.wav,92878,নাকি 'ইয়াবা' নামক
01538e7cd8.wav,118478,স্পেনের অন্যতম সফল দলটির
0153d4fae0.wav,80078,সুইটি
01542e8204.wav,92878,বের করে আনা হয়েছে
0154693c68.wav,73678,দেওয়া আছে কিনা
015486ae4f.wav,124878,এ জে মোহাম্মাদ আলী
0154abe615.wav,102478,তাদের একজন কর্মী
0154b33f42.wav,124878,ওপর প্রদত্ত সর্বোচ্চ
0154e0b24d.wav,99278,কেউ আবার ভীষণ উত্তেজিত
0154ecf48b.wav,105678,সংরক্ষণ করতে হব
01558d59f2.wav,112078,স্বাস্থ্যও তার ভালো নয়
0155e8356a.wav,163278,পরের দুঃখে দীনবন্ধুর ন্যায়
0157103e77.wav,99278,তারা প্রাতিষ্ঠানিক
01578bd051.wav,137678,একাগ্রচিত্ত হইতে পারে না
01579a019e.wav,76878,হোটেল রেডিসন
0157a4642d.wav,112078,তাদের বোঝাতে হতো
0157e70744.wav,92878,তিনি রাজা
0158fbb7df.wav,265678,দক্ষিণ ভারত মহাসাগরের প্রায় চারশো বর্গকিলোমিটার এলাকা জুড়ে এই ১২২টি জিনিস ছড়িয়ে আছে।
01598158a4.wav,92878,হেয় জ্ঞান করিতে লাগিলেন
0159a3bb9f.wav,115278,জাদুঘর করা অত্যন্ত জরুরি
0159b126f9.wav,92878,এভাবে মাঝে মাঝে করুন
015ab74212.wav,96078,বলাইবাহুল্য
015cd2bb26.wav,96078,এ অ্যালবামে অনেকেরই
015d5f56e5.wav,86478,আদান-প্রদানের জন্য
015d7437b7.wav,83278,মূলত সেক্সের কথা
015dec6ab0.wav,102478,প্রধান কোচ হিসেবে নিয়োগ দেয়
015e502c79.wav,115278,এ রকম গল্প বড় মনোহর
015e86d6ac.wav,73678,সাবেক বিশ্বসেরা
015f1ea678.wav,124878,জীবন বৃত্তান্ত
015f86c8c5.wav,179278,সতর্ক পাহারার মধ্যেও
0160238f36.wav,96078,বিডিনিউজ টোয়েন্টিফোর ডটকমের
016082f788.wav,176078,একপর্যায়ে বিভার জীবনে আসে অতীশ
0160b241dd.wav,86478,কমিটি প্রধান
01615b7bef.wav,134478,কিন্তু এই দ্বিতীয় অভিযানেও
01616de129.wav,137678,ওসামা বিন লাদেন নিহত হন
0161f4d538.wav,92878,এর মধ্যে আছেন
01625eaa9a.wav,131278,কালাসোনা এক সময়
01627c1dc3.wav,99278,সেটা বলছি না
0163614dda.wav,80078,রক্ষা করেন
01636bdf6b.wav,70478,আরো বেশী
0163aaa2fd.wav,131278,বাড়ানো কমানো সম্ভব বলে
01645d776e.wav,89678,মিস ইউনিভার্স খেতাব
01657980f9.wav,134478,স্ট্রাইকিং ফোর্স হিসেবে
0165e9b23d.wav,112078,আজকালের মধ্যে
0167049563.wav,140878,ক্যাপ্টেন জেমস হেনসি সেভিয়ার
01672bf945.wav,121678,৪টি চমৎকার টিপস
01672ceaf9.wav,96078,কি নিয়ে ভাবছেন
01673b5228.wav,80078,কানামাছি খেলা
0167599006.wav,217678,মারাত্মক ক্ষতি বয়ে নিয়ে আসবে
0167818fd9.wav,105678,"দাম: ৬,৫০০ টাকা"
0168076e59.wav,236878,লক্ষ্যকরে বোমা ছোড়ে
016808203e.wav,80078,নাইজারের প্রথম প্রেসিডেন্ট
01683c5b85.wav,134478,তাঁর ছেলে
0168dba8fc.wav,80078,মার্কিন যুক্তরাষ্ট্রের চেয়ে
01692283d8.wav,131278,সভাপর্বে আর তাঁহাকে
0169f887f6.wav,233678,সিটি বা লন্ডনের বাণিজ্যিক এলাকা এখন সম্প্রসারিত হচ্ছে টাওয়ার হ্যামলেটসের দিকে।
016a0074c4.wav,80078,দ্বিতীয় স্থান অধিকার করেছে
016a4003e3.wav,96078,অধিক ভাড়া আদায় করেন
016a6d633a.wav,105678,অ্যালিস দাবায় চাল
016a7952a0.wav,118478,কেন গ্রেপ্তার দেখানো হয়েছে
016a924495.wav,131278,লেফটেন্যান্ট চার্পেন্টিয়ার
016a92e9c0.wav,108878,সাভারের এক যুবদল নেতাকে
016aab8d34.wav,108878,কৃষিকাজই এঁদের পেশা
016ad4358d.wav,134478,উহাকে দেখিয়াছি
016b036b10.wav,118478,ছাড়াও অজয় ভট্টাচার্য
016b06e3bb.wav,92878,এসব নিয়েই তো
016b11f125.wav,105678,পাত্রপক্ষের সামনে
016b3cf1b5.wav,92878,এক যুগেরও
016b408838.wav,124878,সরকার শুধু তার অনুগতদের
016baa819a.wav,147278,মূল ভূমিকা পালন করেছে
016bd3afe4.wav,92878,ভৌতিক গল্প
016bdea627.wav,140878,স্থানীয় ভাষায় বলে শামপুর
016c1cd523.wav,131278,অমনি ওই শরীরের মতো
016c334007.wav,108878,১৬৮৯ সালে
016c433dcd.wav,121678,বুলবুল কেন্দ্রে যাওয়ার
016c48b266.wav,176078,কোনোটাই গল্পের বর্ণনার সঙ্গে মেলেনি
016ced02a6.wav,80078,বিভিন্ন ধরনের
016d3e4302.wav,92878,যশোরে উপজেলা নির্বাচনের
016d9143f7.wav,76878,৫ সদস্য আহত হয়
016e3c5885.wav,160078,বান্দ্রায় নিজের বাড়িতে
016e991346.wav,137678,তোমার পদচ্যূতা গঙ্গার ধারা
016ed5b042.wav,112078,ঘূর্ণিঝড়-বিধ্বস্ত খুলনা ও বরিশালের
016fc43c10.wav,70478,জায়গা পেয়েছে
017009bfab.wav,108878,বর্তমান নারী-নীতি
01702dafe0.wav,131278,কম দায়ী ছিলেন না
01711448ad.wav,121678,আর দেরি নাই
0171172f3e.wav,83278,ইন্টারনেটে আয়
017192d2b9.wav,140878,৯ জনকে ৫৪ ধারায়
0172ea8ea8.wav,156878,নানা জনের নানা গল্প শুনি
0172f25f37.wav,163278,১৯৭২ সালে তিনি পিরোজপুরে প্রথম মাহফিল করেন।
017317c20b.wav,147278,দর্শকের পছন্দ অনুযায়ী
01737116d1.wav,86478,শহরতলী এলাকা
0174718973.wav,137678,এই যে
01749300c2.wav,89678,এক পুত্রেই তাহা
0174ff391a.wav,70478,গেইল
01750a3785.wav,128078,কবি ও প্রাবন্ধিক রাজু আলাউদ্দিন
01756b8dac.wav,76878,এই রোহিঙ্গারা বাংলাদেশে
01759f03fd.wav,166478,ভারতের আইসিসি চ্যাম্পিয়ন্স ট্রফি
0175bf5f7a.wav,124878,বুয়েটের গেইটে অবস্থান নেয়
017651d621.wav,105678,কুক্ষিগত হতো
017699f1d3.wav,83278,পাশাপাশি তার
01773b1d80.wav,163278,শব্দ শুষে নেওয়ার জন্য
0177917556.wav,124878,সংবেদনশীলতা প্রকাশ করা
0177b05725.wav,105678,ইংরেজি মাধ্যমের স্কুল
0177b5cdbc.wav,89678,লাগাম নাই
0177e02ad0.wav,89678,মকবুল মোর্শেদ আহমেদ
01780be1c9.wav,147278,ব্যবহৃত সংকেত পিএইচ
01781a0f09.wav,83278,রাণীর সম্মানে
017981ffad.wav,137678,অ্যাকিলিসের নামের অর্থ
0179af576c.wav,96078,পরে ঢাকা বিশ্ববিদ্যালয়ের
0179c24156.wav,99278,তেল ক্ষেত্রের তত্ত্বাবধানের
0179d4f077.wav,204878,একটি সামান্য পরিবর্তিত সংস্করণে
0179fe5607.wav,64078,উদ্ধার করেন
017a3dda05.wav,144078,দমন-পীড়ন চালাচ্ছে বলে
017a5768c3.wav,131278,কোনো গাড়িতে এয়ারব্যাগ নেই
017a8de9ba.wav,99278,সীতাকোট বিহার খনন
017ac35c37.wav,112078,আমরা প্রথম ঘন্টায়
017ad4de58.wav,73678,বসন্তের প্রথম দিনে
017b044289.wav,105678,ভারতের স্বাধীনতার পর
017b210d47.wav,102478,এখন সেখানে টিন
017b2221e1.wav,112078,রুনু তেমনি এক বন্দী
017b542cd5.wav,76878,দুই রাজ্যের
017b7d648c.wav,153678,বালা ও চুড়িগুলি
017bc3e460.wav,124878,ঝড় মোকাবেলায়
017c43371e.wav,86478,তাদের হাতে নেই
017cb58a55.wav,115278,মুক্তির জন্য
017cd12493.wav,64078,টাংগাইল
017cf0d6df.wav,92878,ধানক্ষেতে লাশ দেখে
017d44673f.wav,89678,মঙ্গলবার ওই কিশোরী
017d4f2b22.wav,131278,তাহার কোন সম্বন্ধ নাই
017d73166f.wav,99278,সামনের জানালা দিয়ে
017d9e4dfc.wav,140878,অনুর্ধ-১৪ ও ১৬ দলের জন্য
017dc03bbf.wav,121678,শহরের আইনশৃংখলা পরিস্থিতি
017e11be2d.wav,128078,রমনায় বর্ষবরণের অনুষ্ঠানে
017e1de5f1.wav,102478,পৃথিবীর সবচেয়ে সুন্দর ছবি
017e3963ed.wav,112078,এলাকাবাসীর অভিযোগ তাকে
017e9c8ea2.wav,163278,তুহিনের বিকল্প নেই বলেই
017eff219c.wav,92878,অতি স্থূলতা
017f29b743.wav,76878,ও গ্রহণযোগ্য নির্বাচনে
017f2bb424.wav,182478,কাজ করে গেছেন
017f3a31e0.wav,89678,অয়েল ফ্রি ক্লিনজার দিয়ে
017fd1480a.wav,105678,উভয় মতের উপর
01806c1f68.wav,121678,দিনের শুরুতে ভ্রমণ রয়েছে
01809f3ba0.wav,188878,তাহা তখনই শুনিয়াছিলাম
0180efc38c.wav,128078,হরতাল প্রত্যাহার করা না হলে
0181065055.wav,80078,মৌটুসী বিশ্বাস
01817c10cc.wav,204878,শান্তিপূর্ণভাবে চালানো আন্দোলনের
0181fad09f.wav,134478,রাজউক উত্তরা মডেল স্কুল এন্ড কলেজ
01821dbee3.wav,89678,এর আগেও সত্যজিত
01824838e0.wav,128078,বেদ যে মনুষ্য-প্রণীত
018259a261.wav,201678,আমূল পরিবর্তন সাধিত হয়েছে
01829d4030.wav,102478,বাহির করা প্রয়োজন
018323bd43.wav,83278,প্রণীত আইনের
0183d2e928.wav,115278,গ্যাসের দাবি রাজশাহীর মানুষের প্রাণের দাবি।
01844f8bed.wav,115278,তার রক্তাক্ত প্রতিফলন ছিল একদিকে
01846238ea.wav,144078,জিম ইকুউপমেন্ট
0184929b94.wav,92878,তিনি দৃঢ় আত্মপ্রত্যয়
0184fdd968.wav,108878,দুই ঘণ্টা ধরে
0184fdfb96.wav,86478,বিভিন্ন রাজনৈতিক দলের
01852c21f9.wav,118478,দায়িত্ব পালন করে আসছিলেন
018550fd2d.wav,64078,মুগ্ধ হয়ে
0185f4822e.wav,147278,২০১০ সালের ২৪শে মে
0186050a9b.wav,124878,তার দু’বার হার্ট এ্যাটাক হয়
0186b990c3.wav,179278,যেসব পণ্য রয়েছে
0186db3d8c.wav,105678,তখন প্রবল হচ্ছিল
01871b6860.wav,92878,এ ধরণের ক্ষেত্রে
01874b6e48.wav,144078,স্থানীয় বিষয়কেই বেশি
018761c6aa.wav,182478,কাফরুলের সুজাতনগর
0187730e04.wav,108878,আমি আগ বাড়িয়ে বলেছিলাম
01878b1d21.wav,115278,অব্যাহতি দেওয়া হয়েছিল
0187ee389e.wav,96078,থেকে শুরু হবে
018860c720.wav,115278,এটি উত্তরবঙ্গের লালমনিরহাটে
01887cc88c.wav,86478,পাওয়া যায়নি বলে
018889c410.wav,60878,সিদ্ধান্ত নেওয়ায়
0188d5815d.wav,92878,আজকের প্রথম আলো
01891a44be.wav,92878,অনিল করঞ্জাই
018972ee15.wav,108878,কনডমটি তুলে
0189bc26ca.wav,137678,১২ লাখ
0189dd5863.wav,163278,অপহৃত শিশুদের বেশিরভাগকে
018a133087.wav,99278,হিসাব লইবেন
018aa0b2cd.wav,92878,সেরা রোমান্টিক জুটি
018aa9d860.wav,73678,অবদান আছে
018b0d9655.wav,217678,তারকেশ্বরী সিনহার জীবনী অবলম্বন
018b37a933.wav,105678,শুল্ক বিভাগের কর্মকর্তারা
018b862564.wav,99278,লাখ তিনেক মানুষ
018b940c57.wav,102478,অ্যারিওলার ব্যাস
018b9946ad.wav,121678,নাজিমের অনুবাদ যাঁরা সেদিন করেছিলেন
018b9ecb3a.wav,166478,নিজের ঝলসে যাওয়া মুখ নিয়ে
018ba89026.wav,140878,কলকাতায় জয়েন করতে যাই
018c6e1a8a.wav,92878,তিনি বলছেন যে
018ceba480.wav,156878,তাকে ঘটনাস্থল থেকে আটক করে
018cee51a8.wav,83278,ডেল স্টেইন
018d3ce0a0.wav,83278,ছোট গাড়ি
018db2e3b4.wav,307278,দক্ষিণ ভারত মহাসাগরের প্রায় চারশো বর্গকিলোমিটার এলাকা জুড়ে এই ১২২টি জিনিস ছড়িয়ে আছে।
018e5ba6ed.wav,112078,সুইজারল্যান্ডে বাস করলেও
018e95a043.wav,108878,আঞ্চলিক সাহিত্য/সংস্কৃতি
018f5ece27.wav,166478,পেশাদার ইতিহাসবিদেরা
018fb0a1d9.wav,185678,দেশ ছারখার
018fe1426b.wav,118478,জলের স্রোতের গতি লক্ষ্য করলে
018ffc1650.wav,150478,মুক্তিযুদ্ধ নিয়ে গত ৩৯ বছরে
01902f623d.wav,160078,বিশ্ব ফুটবলের আসর
0190b3d068.wav,86478,যা আমি সবশেষে বলছি
01913ee322.wav,80078,জানান তিনি।
019189c5f4.wav,83278,আরো একটি জায়গা
0191cc9b3e.wav,102478,এ সিদ্ধান্ত হয়েছে
01923cfb81.wav,92878,গ্রেপ্তার করেছিল
0192582e93.wav,131278,ও আমার দেশের মাটি
0192803c70.wav,80078,ভ্রমণ করতে পারে
0192ab3761.wav,89678,জ্বলন্ত সময়
01931264b1.wav,99278,যে সময় কাটছে
019393b687.wav,92878,হয়ে যাবে চার
0193da7550.wav,102478,তাই তারা সিধে কথা বলে না
0194491494.wav,118478,কাহিনীটিও শুনিয়াছে
019515ffcf.wav,67278,হবেও না
0195363b26.wav,144078,এই রাজ্যের অধিবাসীদেরই
019611f7c2.wav,80078,বল বাড়ান
019627c3af.wav,83278,সবাই বলবে
0196b28686.wav,73678,হত্যার অধিকার
019701368e.wav,112078,বাংলাদেশ ককাসের অন্যতম সদস্য
0197373409.wav,89678,এরপর নিয়মিত বিরতিতে
01977cf6bb.wav,92878,সূর্য উঠবার সঙ্গে সঙ্গে
0197e92c19.wav,108878,তোমাকে দশ হাঁড়ি মিঠাই দিচ্ছি
0197f25d61.wav,92878,এ রণতরী পাঠানো হবে
0198177a0b.wav,89678,এন্টিভাইরাস
0199188240.wav,83278,সৃজনশীল
0199686860.wav,118478,দেখো না
01997744fb.wav,115278,ম্যাচ ধরে ধরে খেলব
019a3707b6.wav,108878,রসুনের গুনাগুন
019a410f03.wav,89678,সেই দুর্লভকে সুলভ করেছে ছায়ানট
019aa78908.wav,112078,ক্লান্ত-অবসন্ন শরীর
019ada8a8b.wav,86478,নিবেদিতাও ছিলেন
019b7520a0.wav,92878,ঝুটারাম লোকটি
019c35b781.wav,156878,লাঠিসহ গ্রামপুলিশ একজন করে
019c91744d.wav,99278,সমবেত হন
019d4a49a4.wav,140878,বাংলাদেশের সবচেয়ে সফল বোলার সাকিব
019d6cf7a5.wav,89678,খুব একটা
019dc29c04.wav,102478,মধ্যাহ্নকাল বলা যাইতে পারে
019dcecff7.wav,83278,তিন লক্ষ টাকা
019de1bd56.wav,163278,ইউনিবিজয় নামে
019e69a5ef.wav,105678,অস্ত্র সমর্পণ করার
019e85d606.wav,89678,সেটিতে উৎপাদিত হবে
019ed500a6.wav,83278,সবচেয়ে পুরনো লেখা হল
019f40d83a.wav,128078,এ সমস্যা গুরুতর চেহারা নেয়
019f924760.wav,80078,একটি বড় চ্যালেঞ্জ
019fa620b2.wav,112078,মোট ১২টি মূল অধ্যায়ে
019ffb5ec1.wav,128078,সকলের সহযোগিতাপূর্ণ মনোভাব
01a0c8bc01.wav,150478,অবরোধের কারণে গত কয়েকদিন
01a0d66222.wav,96078,তিনি আশা করছেন
01a0e2be78.wav,108878,কৃষ্ণসাগর পাড়ি দিয়ে
01a14af257.wav,124878,আর কি উন্নতির উপায় নাই
01a1a85401.wav,73678,মোট ৮জন
01a1c0f4aa.wav,115278,যাকে পছন্দ করবে
01a1cecf6a.wav,92878,বাংলা লেখা ছবি
01a2306896.wav,112078,তাঁকে সম্মান প্রদর্শন করে
01a2ac650b.wav,121678,সবিস্তারে বলিবার বা শুনিবার
01a2f07d86.wav,76878,তাহাকে খাটাইয়া
01a32e5434.wav,99278,নানির বড় ছেলে
01a3aadcec.wav,131278,বাস চলাচল বন্ধ করে দিয়েছে
01a3ab6bec.wav,118478,দ্বিতীয় প্রতীকী ফাঁসির উদ্যোক্তা
01a3cbbc4d.wav,118478,"সাইয়েদুন নাহার, সৌমিন আফরিন"
01a441e202.wav,134478,জিএসএম মুঠোফোন
01a4d23687.wav,105678,ডাউনলোড করতে সময় লাগবে
01a506cbda.wav,99278,১৯৭২ সালে
01a566e9ea.wav,70478,মেয়েদের ধর্ষণ করবে
01a582a175.wav,99278,বাংলাদেশের কর্মকর্তারা
01a5d95391.wav,185678,পরে মোড়লগিন্নি শিকল খুলিয়া
01a6628709.wav,176078,প্রাইমর্ডিয়াল আইসোটোপ হল
01a66bcd42.wav,134478,যার মধ্যে হাঁস
01a6b0ed6c.wav,163278,এদিকে বৃহস্পতিবার রাতে
01a6b712eb.wav,128078,স্থানীয় ধূসর গ্রানাইট দিয়ে
01a6de26d5.wav,92878,এহসানের অফিসে গিয়ে
01a70d6689.wav,105678,প্রতিশ্রুতি দিয়ে
01a7cedb31.wav,80078,৭১ সালের পোষ্টার
01a7fc87e1.wav,86478,প্রখ্যাত ঔপন্যাসিক
01a89af751.wav,364878,বাবর আলী দৈনিক আমার দেশ পত্রিকার বরিশাল বিভাগের ব্যুরো প্রধান ছিলেন।
01a89ce71c.wav,99278,"সাধু, সাধু"
01a8df1538.wav,108878,হেঁটে যেতে যেতে
01a8f99bd9.wav,140878,বঙ্গোপসাগর
01a91df5d0.wav,102478,কারাবন্দী আছেন
01a94870a9.wav,128078,পালন করতে হয় এদের
01a9a067de.wav,115278,কার্যকরী ব্যবস্থা নিচ্ছে না
01a9b42820.wav,121678,সাইকো
01a9cbf3f7.wav,121678,দেখলে মনে হবে বিশ্ববিদ্যালয়ে পড়ে
01aa0f38cc.wav,144078,শুক্রবারের এই ভোটাভুটিতে
01aa414a86.wav,89678,জড়িত ১৬ জন এমপিকে
01aa6b7d94.wav,67278,এই গ্রন্থাগারে
01aa95bf4f.wav,89678,অভিযোগও করে তারা
01aae9e8b3.wav,268878,চার সিটি নির্বাচনে ক্ষমতাসীন দলের ভরাডুবিতে আগাম সংসদ নির্বাচনের পরিকল্পনা থেকে সরে এসেছে সরকার।
01ab9b2216.wav,124878,শাহদ্বীন মালিক মনে করেন
01ab9fee2f.wav,118478,কেবল মা’র পুতুলের সঙ্গে
01abbb580f.wav,220878,অভিষেক এবং অ্যাশ জুটি হিসেবে সর্বশেষ অভিনয় করেন 'রাভান' সিনেমায়।
01abde846a.wav,105678,সেখানে পাঁচ ঘন্টা
01ac24f3d5.wav,99278,এ অগ্নিকাণ্ডের সূত্রপাত ঘটে
01ac83b1dc.wav,140878,কোম্পানির তরফ থেকে তাদের
01ac8489c3.wav,102478,২৩ পয়েন্ট নিয়ে
01acb65c1b.wav,67278,দায়ী করছে
01acc31dda.wav,153678,বিক্ষোভকারীরা কিয়েভ থেকে
01acd3ee21.wav,121678,সুরঙ্গ লাকমালের করা
01ad5e91c7.wav,105678,কিন্তু সরকার পতন কি
01adca8219.wav,67278,না ভাবুক
01ae341c6e.wav,112078,খদ্যোত যে কেন
01ae4126bf.wav,102478,আরিয়ানের বয়স এখন ১৬
01ae80c977.wav,105678,তার প্রজন্মের মধ্যে
01aec5240a.wav,150478,মারা যান মুক্তিযুদ্ধের এ সংগঠক
01b017dc50.wav,96078,ঠেকাতে অগ্নি ২
01b04a699a.wav,144078,১৫ দশমিক ৩৮ শতাংশ
01b04d40ff.wav,108878,অর্থাৎ অর্ধেক অর্থ
01b0b6240b.wav,89678,যিনি একই সিনেমায়
01b0c6f6e7.wav,185678,কেন্দ্রীয় অথচ দূরবর্তী রূপায়ণ আছে
01b134eb6b.wav,102478,কোনো পন্থা
01b13bfa1c.wav,83278,দুজন লোক
01b19fc383.wav,166478,অস্ট্রিয়ার সমাজবাদী গণতন্ত্রী পার্টি
01b1ba869a.wav,89678,দ্বিধা করেন না
01b1f381b4.wav,115278,বেশ কিছু বাড়িঘরে
01b1f40f4f.wav,105678,একজন ভারতীয় চলচ্চিত্র
01b2983d5d.wav,54478,বাংলাভাষা
01b2a4aa9f.wav,128078,জানিয়েছে হিউম্যান রাইটস ওয়াচ
01b38f688a.wav,115278,যারা রাজনৈতিক নেতাদের আশীর্বাদ পুষ্ট
01b3cd0cf2.wav,137678,বাংলাদেশ উপকূলে তীব্রভাবে
01b3cf4bf3.wav,96078,এসি কামাল হোসেন জানান
01b3d1e31a.wav,80078,আমার সামনেই
01b4375224.wav,121678,আধিপত্য ছিল তার দলেরই
01b4514867.wav,76878,রুম শেয়ার করতে হবে
01b45b111f.wav,102478,জাল বলে মনে করছি
01b4e67e4e.wav,147278,বিদ্যাপতি ও চন্ডীদাশ
01b52e2722.wav,112078,সমস্যাটি রয়েই যাচ্ছে
01b56610e0.wav,105678,১৯৮০ খ্রিস্টাব্দে পাজ
01b588e1f4.wav,105678,বহুল উচ্চারিত একটি শ্লোগান
01b589a147.wav,92878,তাদের বক্তব্য শুনে
01b5aaa173.wav,105678,দেখিতে পায় না
01b5d590ce.wav,80078,ওই আকর্ষণ
01b6062154.wav,150478,প্রকাশনা অনুষ্ঠানে
01b63ab480.wav,134478,এই বোধ এবং এই সত্য
01b67b4e8c.wav,92878,সম্মান দিয়ে কথা বলে
01b67cfdae.wav,70478,কর্তৃক আয়োজিত
01b6bd6bdc.wav,131278,সেটি নাকচ করে দিয়েছেন
01b6c80daa.wav,105678,আমাকে ফাঁসিয়ে দেওয়া
01b6c9e7ab.wav,140878,মোটরসাইকেল নিয়ে কিছু সংখ্যাক সেনা
01b6d46c29.wav,172878,গুণেন্দ্রনাথ ঠাকুরের
01b6dacf9b.wav,89678,ফকির আলমগীর
01b73d40fb.wav,76878,ছেড়ে যাবে না
01b77ffc58.wav,166478,দক্ষিণারঞ্জনকে ভর্তি করে দেয়া হলো
01b7f3587f.wav,102478,স্ট্র্যাপের সঙ্গে
01b8ae38fc.wav,83278,বাকি অধিকাংশ নেতাই
01b8c6d94f.wav,160078,এই বৈঠকের পর
01b907b906.wav,89678,কিছু যে ঠিকমতো
01b90b9f12.wav,102478,বিরক্ত হই না
01b9269e89.wav,128078,কিছু বনফুলের মালা গেঁথে
01b9a28981.wav,96078,দীনেশচন্দ্র সেন
01b9c6cc4e.wav,89678,ও সুন্দরের বিপুল আয়োজন
01ba50dc41.wav,102478,রোববার বিকেল থেকে
01ba64d027.wav,160078,চীন-বাংলাদেশ চুক্তির বিপরীতে
01bb1d4a82.wav,118478,বিভিন্ন রকমের বইপত্র পড়ে
01bb5337dc.wav,112078,"সপ্তদশে ইন্দ্র, বরুণ"
01bb8dfaae.wav,118478,দক্ষিণ আফ্রিকার অবস্থান হচ্ছে
01bb94a0df.wav,67278,তারা হুমকি দিয়েছে
01bbab94cc.wav,102478,খুব কম সংখ্যকই এখন
01bc286b1b.wav,185678,টমাহক ক্রুজ মিসাইল
01bcb2828a.wav,137678,তা ছাড়া জবাব পাইলে
01bcc9cf2e.wav,86478,৮টা ৫৮ মিনিট পর্যন্ত
01bd6ba8e2.wav,137678,বক্তার বলার ভঙ্গি
01bd8b5e2f.wav,188878,ভারতের বাংলাদেশের মুক্তিযুদ্ধকে
01bde14a74.wav,201678,"মালিনী, বাতাসে গন্ধ"
01bdeca1c7.wav,108878,বাসের চাকার নিচে পড়ে
01bdfb36ee.wav,211278,যাত্রীদের একজন গুইলেরমো বলছিলেন
01be94d18f.wav,67278,লাটে উঠেছে
01becd6427.wav,134478,বহু পুরস্কার ও সম্মাননায়
01bee567c2.wav,121678,এই পরিকল্পনা ঘোষণা করে
01bf6ac627.wav,108878,ঘণ্টায় একশ মাইল গতিতে
01bf82f345.wav,99278,তার মা’র কোনও নাম নেই
01bf8332b2.wav,140878,কালোটাকার বিনিয়োগ পেয়েছেন
01bfaf09cf.wav,99278,খেলতে গেল না মাঠে
01bfd7c507.wav,169678,কোনোটার প্রেক্ষাপট ব্রিটিশ ভারত
01c1022238.wav,150478,কোনো নেতিবাচক প্রতিক্রিয়া নেই
01c14c311b.wav,102478,রাত পৌনে ১২টায়
01c19809bc.wav,64078,সংবাদ পেয়ে
01c1a0effd.wav,115278,সামনের চেয়ারে উপবিষ্ট
01c1bc8bee.wav,128078,এছাড়া স্থানীয় প্রশাসনের উদ্যোগ
01c22bc39e.wav,124878,সোনালী ব্যাংকের সামনে
01c2a77cb8.wav,70478,জড়িত হবেন
01c2e6c88d.wav,99278,তাকে গ্রেপ্তার করার কথা
01c31e7a60.wav,128078,দুটো কালো ভ্রমর যেন
01c332d723.wav,131278,কেন আমি এসব কথা
01c38c8666.wav,121678,৫ই জানুয়ারির নির্বাচন
01c400a57f.wav,64078,আমাকে পেছনে রেখে
01c468d374.wav,99278,যখন শাড়ি পরতেন
01c49f86e3.wav,92878,"সুরকার,সঙ্গীত পরিচালক"
01c57ec3df.wav,67278,পলকের মধ্যে
01c5c94d08.wav,236878,বাংলাদেশ কিংবা বিশ্ব ক্রিকেটে
01c6059c6b.wav,131278,কথা বলে জানা গেছে
01c62f8f90.wav,134478,ঠিক চৌকোও নয়
01c63ffb36.wav,89678,উদ্ধার পাওয়াও যেতে পারে
01c64dee3a.wav,112078,ডাল বানিয়ে
01c65a3dce.wav,105678,আলোচনা করার কথা ছিল তাদের
01c6a0659c.wav,112078,চলচ্চিত্র বা টিভি অনুষ্ঠান দেখে
01c6a45fb7.wav,99278,মায়ের বাড়িতে রেখে আসা
01c6c06c4c.wav,198478,"চরিত্রগুলোর নাম সাকিব, মাশফি, সারাহ"
01c7289660.wav,128078,পরিবেশনা প্রতিষ্ঠানগুলো আগ্রহী হবে
01c78ed80d.wav,169678,বেঈমান' চলচ্চিত্রের গল্পের সঙ্গে
01c7dde799.wav,70478,নারীরা এ দেশে
01c7e13728.wav,80078,প্রধান বিচারপতি
01c810712e.wav,124878,খুব চোটপাট করল
01c8c948c9.wav,102478,আবুল কালাম তালুকদার
01c9734236.wav,89678,নানা সময়ে
01ca495187.wav,96078,নিজেদের পথ
01cadf34a4.wav,105678,যার ফলে তারাও
01cbc8dccd.wav,80078,আজ পূজিত হন
01cc096f3a.wav,137678,মোঘল হেরেমের দুনিয়া কাঁপানো প্রেম
01cc92d9c7.wav,86478,আলাপ-আলোচনার জন্য
01cc977a27.wav,64078,কার্য্যের উপমা দিব
01ccf0505f.wav,99278,বিহারের রাজনীতিক
01cd15407c.wav,60878,যে রেখা
01cd486940.wav,89678,অপহরণের জায়গা
01cd726598.wav,128078,প্রযোজকের লভ্যাংশ ফেরত পাওয়া
01ce302eda.wav,131278,স্বামী ছেলেমেয়ের জন্য
01cea4286b.wav,76878,তবে বাংলাদেশে
01ced0610e.wav,92878,লুধিয়ানা জেলার
01cedb2dba.wav,137678,সংগঠনটি এ ধরণের
01cee20980.wav,96078,সে সময় সেখানে থাকা
01cf52a29e.wav,99278,বাকি নেই আর
01cf65c557.wav,115278,তোমরা তয়ের হয়ে থাকবে
01cf66f9fa.wav,96078,সরব কণ্ঠ
01cf9e8e59.wav,118478,ক্ষতিগ্রস্ত এলাকাগুলোর মধ্যে
01cfc000b7.wav,124878,ধর্ষণের মূল কারণকে
01cfd84d10.wav,83278,সব রাজনৈতিক চেষ্টা
01d00518c6.wav,102478,নাবিলার ঈদ আয়োজনে
01d05e294f.wav,80078,গেঞ্জি কাপড়ের
01d086ae78.wav,83278,তালিম গ্রহণ করেন
01d12ac4de.wav,112078,এর আকার
01d15e0f73.wav,134478,চিঠিতে উপজেলা পরিষদ নির্বাচন
01d18d01ed.wav,83278,সমালোচনার মুখে পড়েছে
01d1d18a40.wav,140878,বিজয়ীদের হাতে তুলে দেন পুরষ্কার
01d1e76a54.wav,112078,কালিদাসবাবুর উপর
01d306b5b9.wav,105678,পর্যবেক্ষণ করা হয়েছে
01d3290f71.wav,80078,জড়াতে চাচ্ছে না
01d3bce1ec.wav,115278,প্রধান জানিয়েছেন
01d4abf2b3.wav,128078,মুলায়ম বা নীতীশ কুমারের
01d5066c4d.wav,89678,সম্পূর্ণ‌ভাবে ক্ষয়ে যায়
01d56f8800.wav,140878,৪১ বছরের সেনসেশন জন
01d5f036b3.wav,105678,জেনে-শুনে চোখ দিয়ে
01d6431dc2.wav,73678,প্রশ্ন জাগবে
01d65153a3.wav,89678,সকাল ৯টার আগেই
01d6586062.wav,96078,মেয়র লুৎফর রহমানের সঙ্গে
01d682b431.wav,105678,প্রথমবারের মতো খেলতে এসেই
01d6abf70f.wav,192078,শাপলা চত্বরে
01d7198bcd.wav,102478,বেশ বুঝতে পারলাম
01d73f6346.wav,134478,দুইটি শাখায় ভাগ করা হয়
01d772212e.wav,102478,দিল-কাবায় হজ্ব করতে
01d797f614.wav,102478,পাইন্না ম্যাগ
01d81e5a53.wav,115278,বাড়ানোর চেয়ে
01d81fda17.wav,73678,মাকাল ফল
01d82350e8.wav,163278,মোবিক্যাশ
01d8282be1.wav,96078,এটা একটা নিউজ হতে পারে
01d840bda0.wav,150478,অ্যান্থনি ভন লিউয়েনহুক
01d88c7e9c.wav,96078,এ সময় গাড়ি দুটিতে
01d91e88e2.wav,121678,তুমি কেবল
01d93a67f5.wav,57678,গুলি
01d9555f62.wav,112078,হাইতিতে ভূমিকম্প বিধ্বস্ত
01d96b80aa.wav,227278,নিয়মিত ফরমালিনযুক্ত খাবার খেলে শরীরের বিভিন্ন অংশে ক্যান্সার হওয়ার আশঙ্কা থাকে।
01d971f77f.wav,99278,দেখিলাম না
01d9aa149a.wav,297678,৩৩ হাজার টিকিটের মধ্যে মাত্র ৫ হাজার টিকিট সাধারণ মানুষের জন্য বরাদ্দ করায় বিক্ষুব্ধ ভক্তরা বিক্ষোভও করে।
01d9ab075f.wav,89678,সংবাদ প্রকাশের বিষয়ে
01d9fdc3c1.wav,124878,কমিশন সূত্রে জানা যায়
01daec71a8.wav,118478,মোক্তারপাড়ার জেলা প্রেসক্লাবের
01daef22b1.wav,99278,আগের তিনটি মামলায়
01db3b5978.wav,115278,একই কারণে পিছিয়ে যায়
01db438af8.wav,80078,এর জন্য দায়ী
01db45dfd3.wav,259278,ঢাকার নয়াপল্টনে বিএনপির কেন্দ্রীয় কার্যালয়ের সামনে নেতাকর্মীদের রাস্তায় বসে শ্লোগান দিতে দেখা যায়।
01db5908d0.wav,153678,পাঁচ মিনিটের জায়গায়
01db5b8cfd.wav,96078,ঘুরে-ফিরে আসে
01dbd61605.wav,131278,বেশ কয়েক বছর
01dc904413.wav,115278,সেখানে আঘাত হানে
01dc9ef86b.wav,102478,যুক্তরাষ্ট্রের চূড়ান্ত সিদ্ধান্ত নেয়ার
01dcf68ddf.wav,112078,"মিশা সওদাগর, ডন"
01dd3d15cf.wav,99278,সাহিত্য ও সংস্কৃতি ক্ষেত্রে
01de8de7cf.wav,156878,অনেকাংশে অর্থনৈতিক
01df4a74ba.wav,124878,যুক্ত হয় উৎপাদিত বিদ্যুৎ
01df53d87f.wav,112078,২৬ মে দিল্লিতে
01df5fd925.wav,131278,তিনটি উপন্যাস প্রকাশ করেন
01df8f160c.wav,115278,পড়ছে না স্যাটেলাইটের ক্যামেরায়
01df9b9f60.wav,86478,থাকলো না
01dfc80793.wav,96078,ছোকরা বয়সী সেই লোকটা
01dfe2effc.wav,115278,তাই করতে চাই
01dff90640.wav,92878,উপায় ছিলো না
01e139e7df.wav,112078,বারবার সুন্দরের প্রসঙ্গ-উত্থাপন
01e18bf345.wav,124878,বাঁ হাতের
01e1fc7361.wav,76878,খবর পেয়ে পুলিশ
01e280fc94.wav,70478,আগের রাতে
01e2a1e7b9.wav,80078,হত্যার ঘটনা ঘটে
01e2b10c62.wav,134478,আলম বয়াতি বলেন
01e2c31008.wav,83278,সালামের মুখ
01e2c689f4.wav,102478,জাতিসংঘের কার্যালয়ে
01e3415827.wav,105678,তার উপর চারধারে
01e35c041f.wav,124878,নির্ঘুম চোখ জানালায় আমি নিজেকে
01e35e86ed.wav,76878,বিভিন্ন রাইডসে চড়তে
01e3fa6b8d.wav,80078,উল্লুক
01e4bb190d.wav,76878,হ্যালোইনের রাত
01e4bdec42.wav,105678,ওয়াহ্ ওয়াহ্ বলেন
01e4d5c0c2.wav,86478,তবে পিক আওয়ারের
01e4ff0fdd.wav,144078,অনেক গুরুত্বপূর্ণ তথ্য
01e57d918d.wav,172878,তাঁহার নিকট আতিথ্য গ্রহণ করিলেন
01e5a9e847.wav,86478,জামদানি তৈরি করতে করতে
01e61f312d.wav,153678,বাংলাদেশে এইচআইভি/এইডস রোগীর সংখ্যা
01e62919e9.wav,102478,নিচে নন
01e6388aa4.wav,105678,এপিপির ওয়েবসাইটে গিয়ে
01e6bc5ff5.wav,102478,এসব তথ্য জানানো হলে
01e6f00ed8.wav,163278,শীতলক্ষ্যাপাড়ের ফিনফিনে মসলিন
01e726da44.wav,105678,দেহে তৈরি হয়
01e732c84b.wav,92878,স্বামীর সঙ্গে লিপি আবারও
01e807aeba.wav,96078,মনুষ্যের শিক্ষণীয়
01e815028a.wav,160078,কেননা ইতিহাস রচনার
01e83e229d.wav,156878,কামরূপিণী ভল্লুকীতে
01e8922625.wav,80078,গায়ক প্রার্থীর দাবি
01e8ee3cee.wav,92878,সম্মেলনে ও উৎসবে
01e95e382f.wav,128078,একটা টিকটিকি ডেকে ওঠে
01e96b3ff2.wav,217678,এবার ফাইলটি vbs ফরম্যাটে
01e98ef403.wav,80078,ভবনটি ধসে পড়ে
01e99a9edc.wav,115278,অসমের স্কুলগুলিতে
01e9c1aff8.wav,86478,ভারত-পাকিস্তানের
01e9c2b9ff.wav,128078,একই হারে সুদ কমিয়েছে
01e9dbeea1.wav,73678,নুহাশ পল্লী
01ea2bc4af.wav,115278,অভিভাবক হবার অনুমতি দেয়
01ea976265.wav,83278,অ্যালান টার্নার
01eaa6fb5f.wav,115278,১৯৫৫ সালে
01eaaade81.wav,108878,ম্যাচের পরে সংবাদ সম্মেলনে
01eaf31b6b.wav,112078,রেস্তোরাতে গিয়ে
01eb4ff65d.wav,67278,সে কারণে
01eba6a6a8.wav,124878,আবুল কাসেম মোহাম্মদ শিরীনের কাছে
01ebd19300.wav,134478,আমরা আমল দিচ্ছি না
01ebe5bf49.wav,70478,অবশ্য নয়
01ebe791a7.wav,70478,কাজী মারুফ
01ec3c9e53.wav,115278,লজ্জায় মাথা লুকোই
01ec4ca0a0.wav,83278,আধুনিক করে
01ec51aa33.wav,105678,দাঁত মেলে আর চুল খুলে
01eca068f7.wav,112078,অর্থনৈতিক উন্নয়নের জন্য
01ecbf2f19.wav,80078,উপদেষ্টা হিসাবে
01ed88074c.wav,134478,ঢাকা দক্ষিণ সিটি করপোরেশনের
01edb7c2c5.wav,144078,ভূত ছাড়ানোর ঝাড়ফুঁক
01edd64ff7.wav,147278,আইসিস হলেন
01eded7ad0.wav,153678,দৈনিক আমার দেশের নির্বাহী সম্পাদক
01ee8cbc24.wav,57678,রাত এল
01eed8c9ba.wav,86478,মুসলমানি
01eee56422.wav,192078,নামিয়ে পরিবেশন পাত্রে ঢেলে
01eeece368.wav,163278,এ ছবিতে অভিনয় করেছেন
01ef088c75.wav,76878,"ঘুমিও না, খেয়ে ফেলবে"
01ef0c3862.wav,83278,নিজেকে তুলে ধরেছেন
01ef5c9540.wav,233678,অ্যানাফিল্যাক্সিস ঘটাতে পারে
01ef6f15ac.wav,76878,ব্রিটিশ কাউন্সিল
01ef940b2c.wav,64078,তারিখ
01efc1713d.wav,137678,১২তম এশিয়া কাপে অংশ নিতে
01eff9e220.wav,121678,সঙ্গীতা রিচার্ড
01effd20cd.wav,131278,জন্ম ২৪ ডিসেম্বর ১৯৫৬
01f043ec0c.wav,105678,১৯২৫ সালে প্রকাশিত
01f064f9ed.wav,124878,এক যুবতী
01f0a8ddda.wav,73678,অনুপ্রেরণার গল্প
01f0ef9823.wav,73678,গুতাগুতি
01f11a8a8f.wav,259278,তার দীর্ঘদিনের কর্মস্থল এফডিসিতে
01f1410e78.wav,102478,সেটা পরিষ্কার হতে
01f15203f9.wav,156878,২০জনকে ইতিমধ্যেই
01f15cd119.wav,96078,৩৬০ কোটি টাকা
01f1654b87.wav,83278,একেবারে প্রথম মূহুর্তে
01f1861dfd.wav,76878,গত রবিবার
01f19046c1.wav,147278,ফেলানি হত্যাকান্ডের বিচারের ব্যাপারে
01f1b9b86b.wav,96078,গায়ে পরতে পরতে
01f280b26c.wav,147278,লালন ভাস্কর্য ভাঙার প্রতিবাদে
01f28345c9.wav,144078,এমন কোন আগাম তথ্য
01f289aaed.wav,96078,সদস্য হতে হবে
01f2ae1b8f.wav,102478,একটি হত্যা মামালা
01f2b04b60.wav,128078,এক যুবককে গুলি করে
01f2f9e476.wav,89678,এই পুরাণ
01f31c7741.wav,153678,তিনি বিশুদ্ধ অ্যাক্টিনিয়াম
01f39339d3.wav,99278,শিশু পার্ক
01f49b2b24.wav,115278,ডাশমারি এলাকার
01f4a29f5c.wav,76878,চলি হাঁসপুর
01f4c2dd4f.wav,102478,এক কিংবদন্তী পুরুষ
01f4c68594.wav,115278,এবং এর ফলে পঞ্চাশ লক্ষ
01f4e048d3.wav,80078,শুনানিতে তারা
01f4ead3dd.wav,124878,এই ভিডিওটি দুই বছরের পুরনো
01f4f00044.wav,160078,"দেয়ালটি ১,০১২ গজ"
01f4f4bd2a.wav,118478,কিশোরদের সাহিত্যমুখী করার জন্য
01f4fa614f.wav,70478,থানায় মামলা
01f50f4bd4.wav,137678,বলেই মনে করি
01f5ab8b67.wav,83278,চারটি বিভাগ নিয়ে
01f62eff6c.wav,163278,পোস্ট করতে হবে বৈধ বিজ্ঞাপন
01f634f1fa.wav,70478,বন্যা
01f6d596d8.wav,124878,হরমুজ প্রণালীকে
01f792e36e.wav,102478,নতুন যে মধ্যবিত্ত
01f7b8ca03.wav,140878,ইন্ডাস্ট্রিঅল বলেছে
01f7ecebb5.wav,80078,তারপর গোয়ালন্দ থেকে
01f8af2ad5.wav,156878,অক্ষরমূল হল
01f91ac912.wav,198478,নির্বাচনের মুখে
01f97f1cea.wav,80078,বিচারের সম্মুখীন
01fa09d16e.wav,134478,প্রথম হ্যাট্রিক করেছিলেন
01fa9000a4.wav,163278,আসন সংখ্যা দুই হাজার ৮১২
01faa160a6.wav,112078,এটি নিয়মিত করলে
01fab729d5.wav,112078,ফরিদপুরের বোয়ালমারী
01fabb8e65.wav,211278,তিনি বিনোদন বিচিত্রা পুরস্কার পান
01fabd3f19.wav,92878,আমদানি করে থাকে
01fb988eea.wav,128078,অক্সফোর্ড স্ট্রীটের
01fbb4d53e.wav,140878,বুদ্ধি খুলল না সীতুর
01fbbaecf1.wav,124878,চট্টগ্রাম-কক্সবাজার সড়ক অবরোধ করে
01fc6ad999.wav,67278,শিরোনামহীন
01fcfdbf2a.wav,118478,সুযোগই ছিল না গোলরক্ষকের
01fdd84eeb.wav,134478,যেসব সম্পাদকীয়-নিবন্ধ লিখেছেন
01fe0c9367.wav,76878,মোহাম্মদ রুবেল
01fe78dfa9.wav,108878,জানালার নীল পর্দাগুলো ওড়ায়
01fe7eddd7.wav,102478,২২-২৩ বছর হবে
01fec34fc6.wav,137678,সোমবারে মদগৃহে
01fedbe9d7.wav,96078,তবে সমস্যাগুলো
01ffa7a3a5.wav,118478,সমর্থন দিয়েছে
01fff922a1.wav,99278,পরিণতি লাভ করবে না
020076eb22.wav,92878,আবারও তদন্ত শুরু করেছি
020081f78f.wav,102478,তা নিয়ন্ত্রণ করা উচিত
0200d847db.wav,80078,সমারোহ করিয়া
0200fabd56.wav,108878,গ্রামে জন্ম ও বড় হলেই
020174e8dd.wav,163278,ক্যাডমিয়াম সালফাইড
020211ac4c.wav,124878,দিল্লির লোকসভার
020228f135.wav,144078,বিশেষ করে এখানে শাওনকে ডেমোনাইজ করার একটা চেষ্টা চলছে।
02025acb49.wav,124878,তাহা এই স্থানে সন্নিবেশিত হইল
02027e10b8.wav,108878,তবে ট্রেড ইউনিয়ন করতে
0202e2d34f.wav,99278,সে বাসার গৃহকর্ত্রী
0203919ff5.wav,118478,কাবা শরীফের ইতিহাস
0203a27e48.wav,96078,সাজা চেয়েছে তাদের আবেদনে
0203beaf3a.wav,86478,তাঁকে সাহিত্যে
0203fd6455.wav,150478,৩৫তম বিসিএস পরীক্ষা
0204867763.wav,102478,বন্দরবাজারস্থ
02053862ba.wav,102478,তাহার একটি প্রক্ষিপ্ত
020617b619.wav,140878,যারা আছে
02061de48a.wav,102478,যা আপনার-আমার
02065c2c4a.wav,134478,পক্ষপাতিত্বের অভিযোগ
020671b3a6.wav,211278,ফরমালিন দেওয়া দুধের তৈরি মিষ্টি বা দধিতে স্বাদ ও গন্ধ পাওয়া যাবে না।
020692c8ff.wav,112078,সামাজিক যোগাযোগ মাধ্যম
0206ea936e.wav,188878,স্বাভাবিক করা হয়
0206eaf8b0.wav,172878,তারা রায় নিয়ে
0206fd60a5.wav,105678,প্রাথমিক পুঁজি
0207e2f1ee.wav,92878,সেগুলোকে নতুন চোখে
020861295c.wav,99278,গর্তে ঢুকেছিল হয়তো
02088fb3f2.wav,86478,গ্রেপ্তারদের মধ্যে
0208cecab3.wav,112078,শিক্ষা অফিসে দিতে হয়েছে
0208ead7c4.wav,64078,তিনি এর পর
02091a1a2c.wav,99278,আমার মতো ভবঘুরে
0209e5b81c.wav,112078,অ্যাপাচি সফটওয়্যার
020a7687a8.wav,86478,পপুলার আর্ট
020ace56cc.wav,147278,ওই ছাত্রী বিভাগীয় প্রধান বরাবর
020b4f5381.wav,86478,সাইবার যুদ্ধ
020b84a59f.wav,131278,পর ব্রোঙ্কসভিলে
020bf068ef.wav,137678,এই অভিযানের সময় মারা গেছেন
020cd7ae62.wav,121678,"বরিশাল, রাজশাহী, গাইবান্ধা সহ"
020d82ddec.wav,188878,মৃত্যু ২০ মার্চ ১৯৮৮
020da43a32.wav,73678,বহনের কারণে
020da70cc1.wav,73678,ব্রিফ করা হবে
020dbbe30a.wav,99278,কার হাতে তুইল্যা দিবা কও
020df535da.wav,96078,তিনি দোষী সাব্যস্ত হয়েছেন
020e32993c.wav,86478,১২ জনের বিরুদ্ধে
020edbc626.wav,108878,একটি প্রতিবেদনে বলা হয়েছে
020f3fcd35.wav,76878,কারও পক্ষে
020f7a435f.wav,188878,বিজিএমইএ সভাপতি মো. সফিউল ইসলাম মহিউদ্দিন
020f935666.wav,140878,নিচে নন
020ff7281c.wav,89678,অকথিয়ুর শহরের
02104dff7c.wav,118478,উপাসনার কথা নেই
02105d30d7.wav,156878,দুর্নীতিবিরোধী আন্তর্জাতিক সংস্থা
021082b040.wav,76878,ভাড়া করা
0210e2e442.wav,118478,এ বছরই প্রকাশিত হয়েছে
021196e95f.wav,86478,ওর জীবন চলব
0211f8b736.wav,76878,এবং এলাকায় তিনি
0212afa287.wav,92878,ব্যাপকভাবে ইন্টারনেটের ছবি
0212bfeb8f.wav,76878,আলোচনায় বসেছেন
0212e221a0.wav,134478,বোমা ফেলতে শুরু করলো।
0213394a21.wav,76878,এ পেশায় তিনি
02134b0229.wav,147278,ক্রেতাদের একটা বড় অংশ
0213f9a1d6.wav,99278,লোকসভায়
0214ea6a44.wav,131278,বিচ্ছিরি রকমের রেইনি
021507f9db.wav,131278,মালদ্বীপ উপকূলের একদল বাসিন্দা
02159ab28c.wav,108878,কার্যকরী ডেটারেন্স
0215a7dbe4.wav,134478,এই নির্বাচন বর্জন করছেন
02166873b3.wav,131278,তার কক্ষটিও ছিল
021668930a.wav,83278,শিক্ষা অর্জনের জন্য
021697c7f3.wav,156878,১৯৯৯ সালের মে মাসে
0216a78b7c.wav,80078,বিশেষ ভূমিকা রেখেছেন
0216b85e40.wav,131278,মৃত্যুর মতো শূন্য
0216d939e6.wav,134478,যার বিপরীতে দাঁড়িয়ে
02177c4a6d.wav,83278,সব সম্পর্ক
0217962d9b.wav,86478,গলির মোড়ে
0217fdbfe1.wav,67278,সত্য
02184e2480.wav,67278,যুক্তরাষ্ট্র
0218f9b279.wav,105678,বাহির করার সঙ্গে
021928951e.wav,144078,বালক-বালিকাদের যাতায়াত করা
02196849c0.wav,121678,অদ্বৈত বেদান্ত
02198d945b.wav,96078,আনা সহজ নয়
021a61a297.wav,99278,আন্তর্জাতিক খ্যাতিসম্পন্ন
021aec39ba.wav,83278,রচিত হলে
021b4e6892.wav,150478,আছিল না কুনোকালে
021b8a921a.wav,121678,আসন রয়েছে এক হাজার ৫০টি
021bb0258c.wav,92878,প্রশ্ন হতে পারে
021c061434.wav,131278,সান্দ্রতাহীন প্রবাহ
021c173afd.wav,96078,রাঙা ফ্যাশনে থাকছে
021c2aaae2.wav,118478,কিছু প্রয়োজনীয় পরামর্শ
021c4b245e.wav,134478,অতটা উদ্বিগ্ন নয়
021c4b4515.wav,99278,তেমন বড় আকারের
021cee869d.wav,102478,এটুআই প্রোগ্রাম মূলত
021d480003.wav,64078,এ-যাত্রার মতো
021d5e26b8.wav,80078,তাহলে বুঝতে পারতাম
021e05a822.wav,115278,তখনো পুরুষশূন্য
021e22217d.wav,70478,দিতে পারবে না
021e4f7da4.wav,112078,পুলিশের পক্ষ থেকে বলা হচ্ছে
021e53700c.wav,102478,তাদের গাড়ি লক্ষ্য করে
021eb9e51f.wav,160078,জ্যাঠামশায় এ প্রশ্নের
021f82c633.wav,108878,হুমায়ুন আহমেদ
021fb4302e.wav,112078,বাঁয়ে নতুন বাজার
022020159f.wav,105678,তদন্তে কমিটি গঠন করা হয়েছে
0220875b6e.wav,99278,খলিফা বলে পরিচিত
02212128d5.wav,163278,তাঁহাদিগের কৃত ভক্তিব্যাখ্যা
022169d706.wav,179278,সুবল জিজ্ঞাসা করিল
02217cfbce.wav,96078,উত্তরের তৃষ্ণায়
0221849f39.wav,112078,"বাস যাবে, বাস আসবে"
022195a6e6.wav,108878,২ লাখ ৫১ হাজার মানুষ
022254f3a7.wav,134478,একে অপরের মুখোমুখি হয়
02225eec3a.wav,134478,প্রকাশনা উৎসবে উপস্থিত ছিলেন
0222b3094a.wav,131278,বিনিময়ে আপনার স্বাক্ষর চাই
0222e8f1b3.wav,112078,এজলাস কক্ষের সামনে
0223a6d341.wav,140878,প্রেসিডেন্টের ক্ষমতাচ্যুতির পর
0223fd253b.wav,108878,সিকিউরিটি গার্ডদের ডাকা হলো
02244c8812.wav,76878,অভিনয়ের ক্ষেত্রে
0224cbbe52.wav,105678,তাঁহার কাছে গিয়া দাঁড়াইল
0224db2375.wav,99278,আন্তর্জাতিক খ্যাতিসম্পন্ন
022673ba1b.wav,108878,মার্শকে নির্বাচক কমিটির
02268a4b0c.wav,121678,অরিজিত সিং
02270d8de8.wav,140878,অনেক ঘটনার সোজা উত্তর হলো
02273a5ebf.wav,67278,১১ নভেম্বর
022765f986.wav,156878,সরাসরি বিশ্বকাপে খেলার সুযোগ পাবে
022781e5e0.wav,172878,কমপক্ষে ২০টি জেলায়
0227b4c333.wav,92878,যেহেতু তাঁর গানগুলো
0228312cbe.wav,76878,হতাশার মতোন
02283c4463.wav,163278,তবে কিছু উপকারী
02288eef80.wav,60878,মা’র পেছনে
0228aabb4c.wav,118478,যে দায়টি তার নয়
0228b8253b.wav,70478,প্রাথমিক ভাবে
0228c94b22.wav,144078,একজন হিসাব বিভাগ
022914754f.wav,121678,তামিম ও জুনায়েদ সিদ্দিক
022962e3aa.wav,89678,আমাদের থেকে তাদের
02298a247d.wav,147278,৬ ডিসেম্বর ভোররাতে পাকসেনাসহ
0229ea65d9.wav,144078,১৮৭২ সালে অসমীয়াকে
022a43fcec.wav,57678,প্রেমের চিঠি
022a5259ce.wav,108878,মোদির বাড়ি থেকে
022aa430ec.wav,67278,ঘটেছে তার প্রকাশ
022adda72f.wav,118478,এসময় সর্বোচ্চ সতর্কাবস্থায়
022af0740a.wav,131278,জামাতাকে পরিহার করার
022afff3bd.wav,105678,ধু-তে যাতায়াত করিত
022b145fae.wav,140878,সবাইকে সহায়তা দেওয়ার মতো
022b1951b3.wav,89678,ছবি দেখানোর বদলে
022b278faf.wav,336078,বাংলাদেশের পোশাক খাতে একের পর এক ভয়াবহ দুর্ঘটনায় তারা মানুষকে সহজে বোঝাতে পারছে এত সস্তায় কাপড় কিভাবে আসছে।
022b48a6f6.wav,83278,মুসলমানি
022b4c4b83.wav,99278,কেবল ‘পাগলা দাশু’
022b95fb8e.wav,89678,নাজিয়া এবং ফাইজিয়া
022b96ba9d.wav,144078,তৃণমূল কংগ্রেস সমর্থকদের ওপরে
022bc1ee81.wav,70478,আমাদের সময়
022c00544b.wav,163278,পাকিস্তানে শরণার্থী শিবিরে
022c3410af.wav,67278,উপস্থাপনা করবেন
022c7fc9ba.wav,118478,বছরে স্থূলতাজনিত
022d1d6259.wav,80078,জামিন নেন
022d2b60a5.wav,108878,এই অবরোধের সময়
022d7a9092.wav,128078,বরাবরই আগ্রহ ছিল
022d81a7f8.wav,153678,এই ইস্কাটনের বাসায় উঠবে না
022d8c745b.wav,86478,হাসনাত আবদুল হাই
022e4161ff.wav,112078,ওই ওয়ার্ডে হিন্দুসম্প্রদায়ের
022ec37793.wav,96078,আগ্রহীদের ৩০ এপ্রিল
022ed6ec95.wav,137678,গভীর অন্তস্তলের সন্ধান পাবে না
022f87b54e.wav,176078,তদানীন্তন জেলা প্রশাসক
022fb7eefe.wav,99278,তখন মোটে
022fc6f81f.wav,92878,শফিকুল ইসলাম একজন সন্ত্রাসী
02309e1cb3.wav,102478,আদালত মুলতবি করা হয়েছে
0230c7961a.wav,105678,একটি পোশাক কারখানার
0230da8683.wav,86478,পজিশন
023166e1e1.wav,102478,হজ ব্যবস্থা সুষ্ঠু হলেও
0231a0f20f.wav,92878,খানিকটা আলস্য করেন
0231ac08a5.wav,92878,কেটে ফেলছে ডাক্তার
0231e50e24.wav,131278,প্রাইভেট সেক্রেটারি ছাড়াই
0232bd4062.wav,80078,মেরে ফেলার কথা
023319bcdb.wav,112078,যাওয়ার রাস্তা
023365b8e4.wav,278478,অন্যদিকে গার্মেন্টস ফ্যাক্টরির মালিককে
02337a5dcf.wav,60878,খেলার জন্য
02337f503a.wav,99278,করা হতো
0233c0889f.wav,131278,১৯৭৯ সালের ৭ মার্চ
0233ca8fcd.wav,86478,বুধবার তারা
0233cf8242.wav,89678,শাকিব খানের সঙ্গে
0234674813.wav,172878,"২২ আগস্ট, বৃহস্পতিবার"
0234c292c4.wav,124878,এবং ১৯৪৬ সালে
0234fad00d.wav,156878,যে যার ছেলেবন্ধু
02357d509e.wav,115278,বাজারে সীমাবদ্ধ থাকলেও
0235858754.wav,86478,একজন বলিল
0235f2e57a.wav,89678,প্রত্যাশা করেছিলাম
0235fb6c1d.wav,182478,ক্রিমিয়ার নতুন প্রশাসন
02364b5e3f.wav,163278,পরিপাটি একটা সংসার
023662716c.wav,83278,আমরা বড়ই তুষ্ট হয়েছি
0236e1dc2d.wav,198478,লক্ষ্য করে হাতবোমা
0236e40af9.wav,115278,শশী থারুর
02373058ce.wav,128078,মধ্য দিয়ে ঘোষণা করা হবে
02375f6572.wav,150478,তার স্ত্রীর এইচআইভি সংক্রমণ হয়
02376c9c62.wav,96078,বাংলাদেশ সফরে যাওয়ার
0237774fd1.wav,99278,"সুরকার,সঙ্গীত পরিচালক"
0237a0a884.wav,92878,চুল গজানো
023836705b.wav,217678,গ্র্যামী পুরস্কার অনুষ্ঠানে
0238556d2c.wav,140878,মাঝরাতে বিমানটি যোগাযোগ বিচ্ছিন্ন
02386ce8eb.wav,124878,কেউ একজন বললো
02388bf1bc.wav,86478,মুনীর চৌধুরীর ভালোবাসায়
0238e0e9b0.wav,121678,নর নারায়ণের অবতার
02390b59f7.wav,99278,স্মৃতিগন্ধে ভরপুর
0239186f70.wav,54478,ফাইনাল
02392ef4f8.wav,99278,১০১ রান করে
02398e9120.wav,102478,বাংলা গান শুনছেন
02399fc376.wav,112078,অগ্রগতি না হলে
0239ba4bbb.wav,102478,পাকিস্তানের বিপক্ষে ওয়ানডে ম্যাচ
0239d3af1b.wav,96078,তিনি জন্ম গ্রহণ করেন
0239f83cd3.wav,134478,দেশের চলচ্চিত্র উন্নয়ন করপোরেশন
023a2953c5.wav,182478,দুর্যোগ ব্যবস্থাপনা মন্ত্রনালয়ের সাথেও
023a36311a.wav,115278,ঈষৎ মধুর হাসে
023a6da906.wav,80078,নীতি
023ac9390d.wav,115278,এই অভিধানের ব্যঞ্জনবর্ণ অংশ
023b79ef06.wav,121678,উপকূলের আরো কাছাকাছি এসে
023b8e8888.wav,102478,হামেশাই তাঁর গানের
023be327ba.wav,96078,সময় নিয়ে এ বিষয়টিকে
023c336e73.wav,147278,লা ইহা দে রাপ্পাচিনো নামক
023c4a810a.wav,60878,লেয়ার করে
023c9bd472.wav,92878,শেষ পর্যন্ত মজার থাকেনি
023d32916b.wav,99278,চুল পড়া রোধে করনীয়
023e30e945.wav,112078,পল্টু হিসাবে পরিচিত
023e6dd735.wav,92878,একজন আইনজীবী হিসাবে
023f337759.wav,112078,আকসু করেনি
023ffab2ed.wav,118478,মন্তব্য উল্লেখ করেছি
0240013107.wav,105678,রাস্তায় দেখা যায়নি
024039ef4f.wav,99278,জিয়াদ বাহা এল দিন
024049099f.wav,121678,১৮৯৪-১৯৪০
0240595814.wav,160078,মার্কাস ট্রেসকোথিকের সফরের
024066aa92.wav,147278,দুপুরের পর
02407a59ec.wav,150478,একই ক্রেতা একই বাজারের
0240965bfd.wav,124878,ঘটনা তারা ঘটিয়েছে
02415ecb14.wav,140878,কালোজিরা খাওয়ার নিয়ম
0242231512.wav,102478,এ তথ্য জানানো হয়।
024228e1d7.wav,128078,জানিয়েছেন ব্লগার আসিফ মহিউদ্দীন
0242da6676.wav,76878,সিঙ্গাপুর যাওয়ার পর
02431d67c0.wav,76878,লোভ
024343ee18.wav,73678,প্রতিবাদ করার
0243a9ac42.wav,185678,অনেক মগ ও চাকমা জনগোষ্ঠী
0243ae572d.wav,99278,রায় হবে
0243ba4f9b.wav,80078,একটি ভদ্রলোক
0245cd5990.wav,64078,তাদের গ্রহে
02461fd245.wav,112078,তবে কই মোষ
02463609ef.wav,131278,অসাধারণ অভিনয় করেন ছবি বিশ্বাস
02463a7357.wav,112078,সঠিক নিয়মে
02464bb190.wav,102478,টি-টোয়েন্টি ফরম্যাটের খেলায়
0246cb0bd8.wav,99278,নাড়া দেব
02471e64bb.wav,115278,ছোটকু বলে
02477896a5.wav,115278,ধরে রাখে নানিকে
024794d108.wav,115278,এটি তিনি নিশ্চিত হলে
02479aa6fc.wav,89678,জন্ম লন্ডনে
02486853fd.wav,105678,রাস্তাও টিভি চ্যানেলের
0249091217.wav,83278,এগারো বছর আগে
0249779c0c.wav,140878,অন্বেষণে ধাবিত হইলেন
0249896adf.wav,115278,রামপাল যাচ্ছেন কেন
0249929cb0.wav,182478,কিন্তু নিখোঁজ সুব্রত রায়কে
024a739c7c.wav,188878,ব্যাংকগুলোর কিছু পরিমাণ টাকা
024ab3177f.wav,108878,র‍্যাব-এর কর্মকর্তারা বলছেন
024ade6a30.wav,105678,আগেই সিদ্ধান্ত নিয়ে
024ae64f73.wav,99278,পরিষ্কার কিছু বলেননি
024b105f9c.wav,92878,অন্তত ৭৩ জন
024b2fc81d.wav,96078,সুতরাং তার নির্মাণ অভিজ্ঞতায়
024bcb0554.wav,124878,কাল বাসবে না
024bd49c63.wav,124878,আল কায়দা এখন টার্গেট পাল্টিয়ে
024c073bd1.wav,99278,ফাংশনের জন্য
024c247eed.wav,64078,মামলা করতে হলে
024c33c9ff.wav,252878,শেষ পর্যন্ত সমাবেশ ও হরতাল কর্মসূচি স্থগিত করার পর লোকজনের মধ্যে কিছুটা স্বস্তি ফিরে এসেছে।
024d4a4d17.wav,140878,দেশটির নিরাপত্তা কর্মকর্তারা জানিয়েছেন
024ee8e7a1.wav,102478,আমার কোনো
024f41a6df.wav,86478,মীমাংসা করিতে
024f7601b4.wav,131278,রাজহাঁস ও মরাল
025036cc97.wav,83278,এবং একচেটিয়া বাজার
0251070128.wav,73678,মনে হচ্ছে আমরা
02512c3407.wav,89678,কার্যকর হবে
0251731772.wav,124878,কার্যক্ষেত্রেও পুরুষের পরিশ্রমের
0251b3b531.wav,115278,মামুদের চেহারা দেখে বোঝা যায়
0251ccda11.wav,76878,গত চার মাসে
0251d4413c.wav,86478,ভেঙ্গে দিয়েছে
0251f6abb3.wav,99278,অনুসন্ধানের সময়
02524ae038.wav,86478,তারিখ জানা
0252bffdb0.wav,96078,নূর মোহাম্মদ বলেছেন
0253d359a7.wav,108878,পার্টির চেয়ারম্যানকে বাদ দেয়া
0254273edf.wav,92878,অতিবৃষ্টি অরণ্যে
025429befb.wav,80078,আমরা এক এক করে
02544d021d.wav,83278,অল্প কয়েকটি হলে
025471bb77.wav,140878,দুদিন দাড়ি না কামালে
02548e2a48.wav,80078,এনেছে কিনা
0254b49b51.wav,118478,১৮৯৬ সালের
0255145711.wav,134478,১ হাজার ১১৯ জন প্রার্থী
0255a97330.wav,108878,২টি মন্তব্য বাকিটুকু পড়ুন
025645d254.wav,86478,পাঠানো হয়েছে
0256dbdb88.wav,80078,নবীন বাবুকে
0256ee2157.wav,179278,ও কুতুবখালি পর্যন্ত পথ
02571b1dc7.wav,92878,ক্যানসারে ভুগলে
025721a6b7.wav,83278,প্রধান অতিথি হিসেবে
02574b89aa.wav,96078,ছয় আনা বাসিন্দাই চাষা
02575b553d.wav,179278,আসামে ও কেন্দ্রে ক্ষমতায় থাকা
02579ba678.wav,99278,এমন কোন সিদ্ধান্তও
0257cb554c.wav,108878,লোপার স্কুলের চেয়ারম্যান সাহেব
0257e14f03.wav,118478,সেন্টমার্টিন দ্বীপকে
0257e4493d.wav,102478,বিশাল আয়তনের সঙ্গে
0258ce8f74.wav,108878,আজ পর্যন্ত বিভিন্ন দেশে
02591bb619.wav,115278,একটিতে ভাড়া থাকেন
02591e5da4.wav,144078,যা আচার্য জগদীশ চন্দ্র বসু রচিত
025929d437.wav,99278,জর্জ ক্লুনি
02594c8e8f.wav,153678,রাজপুত্র রাজকন্যা মাথা নামাইলেন
02597b3c81.wav,156878,জেলার দুই হাজারেরও
02598bd607.wav,99278,খুঁড়িয়ে খুঁড়িয়ে এসে
025a040452.wav,89678,"ফতেহ খান, সপরিবারে"
025a1bb75b.wav,115278,অভিযুক্ত ব্যক্তি যেই হোন না
025a2549ce.wav,89678,২০১৭ সাল থেকে
025a9c8dfd.wav,134478,গতকাল বুধবার থেকে
025aae856b.wav,118478,তাঁর লোকদের
025b8d176a.wav,73678,একটি ফ্ল্যাটে
025c25014e.wav,83278,ত্রুটির সন্ধান পেয়েছে
025c577d9f.wav,128078,"হরতাল, সরকারী ছুটি সহ"
025cd985ac.wav,102478,পুলিশের দরকার
025cf95805.wav,147278,তালেবানদের সাথে পাকিস্তান সরকারের
025d901079.wav,112078,দারুণ ছন্দে
025daa3006.wav,89678,ব্যাপক প্রাণহানির খবরের পর
025db7797b.wav,118478,২০০৬ সালের অক্টোবর মাস থেকে
025db94d5d.wav,179278,বেশ বেগ পেতে হচ্ছে
025dcba020.wav,99278,আইন সহজ হলে আমি হয়তো
025dd41ad8.wav,80078,দুর্নীতি বিরোধী
025ddc772a.wav,89678,প্রদীপ নন্দী
025de7e8e6.wav,128078,কাজে মন দিতে হয়
025e271dce.wav,115278,গত সপ্তাহে
025ea6c74e.wav,102478,কেউ নেই বললেই চলে
025fc43f03.wav,108878,যে ছ’টি অভিযোগ আনা হয়েছিলো
025fc4fd40.wav,92878,প্রাপ্য অধিকার
025ff47294.wav,153678,কবিদের স্বকণ্ঠে
0260484cda.wav,156878,ঝিকিয়ে ওঠা আলোর
0260a556d8.wav,108878,বেশ সুন্দর
0260c785cb.wav,83278,তাহা বলিয়াছি
0260d368f8.wav,137678,বঙ্গমাতার ভান্ডারের মণিরত্নের
0261110d39.wav,121678,নিজের স্বজনের জন্য
0261a2d2c6.wav,124878,আমরা এখন যে পদার্থকে
026232d7a5.wav,179278,অইন্য কিছু থাকলে দেন
0262ef4cbe.wav,76878,অধিনায়ক নাসির হোসেন
026315ef23.wav,67278,ঐশরিয়া রায়
026339b90d.wav,105678,ধীরে ধীরে তৈরি হতে থাকে
0263baaedd.wav,70478,গোল
026428c3cd.wav,124878,১০. কল্কি সর্বশেষ অবতার
026434c7bd.wav,105678,কোন দম্পতি যদি
02643a85d5.wav,102478,হাসপাতালে নেওয়া হলে
026494c4e8.wav,134478,অন্যতম বড় চাঁদাপ্রদানকারী
0265f13581.wav,140878,প্রধানসহ অন্য শিক্ষকেরা
0265f33662.wav,99278,জামুরিয়া গ্রামে
0266ae90e2.wav,76878,ততটা ঘটেনি
0266bb81d6.wav,89678,পেটের সব কটা ছেলে
0266c86682.wav,105678,বিভিন্ন কারণেই কম্পিউটারে
02682c3c4e.wav,134478,গলায় ছুরির আঘাত ছাড়া
0268785688.wav,172878,সে প্রভেদ পরে বুঝাইব
02687bf319.wav,89678,তখন এখনি
0268ab8d6b.wav,80078,ব্যাখ্যা জনপ্রিয় করার
02691fc8ce.wav,134478,বিদ্যুৎ বিভাগের পক্ষ থেকে
026924847a.wav,105678,নাইজেরিয়া সরকারের পাশে
0269568166.wav,124878,অনেক আসনেই তাদের
0269d20a96.wav,96078,সশস্ত্র
0269f207ef.wav,115278,মজনু সিনেমা
026a1c6418.wav,108878,পুরো দায়িত্বই কিন্তু রাষ্ট্রের
026a1cb49c.wav,137678,অভ্যন্তরীণ সম্পদ বিভাগে
026af9bd33.wav,108878,মানুষ বোধহয় উদাসীন হয়ে পড়ে
026bdd59e0.wav,86478,সে কি কম সৌভাগ্যের কথা
026bf0d9d6.wav,70478,তাদের সঙ্গে
026c9963b5.wav,80078,ঘটনায় দুঃখ পেতাম
026cf5c079.wav,147278,হিসাব লইবেন
026d35fb06.wav,67278,এই আইনের সামান্য ত্রুটি
026d596edc.wav,99278,পরে সহকর্মীদের কল্যাণে
026e4deb3b.wav,147278,মার্কেটের ভেতরের রাস্তাতেও
026e7f3b02.wav,131278,"আগে হেরোইন, প্যাথেডিন"
026e93d1ac.wav,86478,চার কোটি টাকা ব্যয়ে
026eb46dac.wav,73678,বাসে করে
026ebbfa7c.wav,92878,আব্দুস সবুর
026fb29155.wav,112078,শিয়ালদহ স্টেশন থেকে
026ffba4e5.wav,99278,শিল্প মালিকরা
0270d7fdea.wav,86478,বগুড়া থেকে ৬ জোড়া
027108e2f4.wav,192078,বাংলাদেশে সাগরতীরে অবকাশ কাটানোর প্রবণতা বছরে বছরে বাড়ছে।
0271633057.wav,92878,জ্ঞানের একমাত্র বস্তু
02716b1d50.wav,83278,মন্দার আগে
02725809c8.wav,259278,মোনাজাতে অংশ নিতে ভোর থেকেই পায়ে হেঁটে ইজতেমা ময়দানের দিকে আসেন আশপাশের মুসল্লিরা।
02729ecbf9.wav,115278,ওই অঞ্চলে
0272cce5ee.wav,92878,মধ্যবিত্ত দর্শকের
0272e14de9.wav,76878,কুল
0272f17199.wav,115278,সেখানকার ব্যবসায়ীরা জানান
02732f88bf.wav,124878,ধরমপুর ঘাট থেকে
02734bc861.wav,153678,জাদুঘর করার উদ্যোগ নেয়ার
027383240e.wav,150478,অ্যাকিলিসের গোড়ালি
0273fb95a7.wav,83278,প্রাথমিক পুঁজি
02742b76cf.wav,73678,আর তাই সে
02746098e5.wav,73678,খবর দিল
0274a54344.wav,140878,তাকে স্বাগত জানানো হয়
0274ab6fb0.wav,102478,চলবে ১ ফেব্রুয়ারি পর্যন্ত
0274ca1b2e.wav,92878,চুল শ্যাম্পু করে
0274d28d04.wav,105678,ফটো-সাংবাদিক
0274ebe0ec.wav,105678,অরণ্যানী জনবসতি
0275a6696f.wav,86478,বিভিন্ন ওয়েবসাইটে
0275f5ddf9.wav,99278,চেতনার পরিবর্তন
02761d5e2a.wav,124878,নিরাসে প্রবৃত্ত হইলেন
02764d8640.wav,70478,বিল অঞ্চল
0276797b6c.wav,83278,ফোরাম
02767ffa25.wav,96078,তবে দুধ দিয়ে তৈরি
027685e974.wav,102478,বিগত বেশ কয়েকটা
02769c87f9.wav,96078,রাজ্য সরকার
0276fe98a6.wav,96078,যথাক্রমে ২ কোটি ৩৬ লাখ
0277820dce.wav,150478,তাকে মারধর করতো
02779bc976.wav,115278,একাডেমির নিরাপত্তাকর্মীবৃন্দ
0277cd165e.wav,201678,তাদের সম্ভাব্য ক্রেতা মনে করে
02785867f8.wav,163278,যে টুর্নামেন্টে বাংলাদেশের খেলা
0278ec064a.wav,166478,যুক্তিতর্ক উপস্থাপন শেষ করেন
0279509b34.wav,105678,কখন প্রানটা যাবে
0279d26e7c.wav,99278,অশুভের প্রতীক নয়
027a25e42a.wav,102478,দিলীপ বড়ুয়া
027a453672.wav,118478,এ কি সত্যিই কোনও সমাধান
027a4af463.wav,92878,সৌরভ ভরদ্বাজ
027a95f56a.wav,99278,পদ্মাসেতুর মূল কাজ শেষ
027acd8cf8.wav,108878,একপর্যায়ে মৃত্যুবরণ করেন
027ae60263.wav,102478,নেতৃত্বে ও আন্দোলনে
027b03a0fd.wav,89678,আয়োজন করে সরি বলার
027b3ec222.wav,115278,আন-অ্যাম্বিশাস পার্সন
027b4c8425.wav,96078,ফেনা বের হচ্ছিল
027bb823f4.wav,240078,সিদ্ধার্থ মালহোত্রা
027bc144f2.wav,83278,বলতে পারি না
027c67ca67.wav,124878,আন্তর্জাতিক মাতৃভাষা দিবস
027cddb4fe.wav,121678,এবং এখনও পাওয়া যাচ্ছে
027d0df3c5.wav,108878,বাহিনীর মহাপরিচালক
027d6dd821.wav,60878,নারী দিবস
027e1116e3.wav,108878,বাবার গলা
027e7b98e3.wav,134478,তিনি তেজস্ক্রিয়তা আবিষ্কারের জন্য
027eae8033.wav,118478,মনে করেন অগ্রজরা
027ed8e587.wav,160078,একটা সাইনবোর্ডেও লেখা আছে
027f4d55db.wav,64078,তখন তারা
027f594901.wav,112078,চারিত্রিক ও নৈতিক অধঃপতনের
027fbae324.wav,86478,বিভক্ত করা হয়
02803402f5.wav,134478,ওদের দেয়া যেতে পারে
0280908ae6.wav,150478,অন্যদিকে লংমার্চ
028124e28b.wav,89678,শক্তিশালী নয়
028153418f.wav,124878,আটকা পড়েছিল
02815f904a.wav,137678,ঐ বধূবেগমের অবস্থা
028170ad37.wav,80078,"ভজন, গজল"
02817ab72b.wav,102478,বোমা ফাটানোর মতোই
0281c9585c.wav,118478,অনেক দূরের এক ঢাকায়
028236f938.wav,198478,পরাগধানী থেকে পরাগ রেণুর
0282f9a15c.wav,140878,মোশরেফা মিশু বলছেন
02830c1501.wav,76878,বেরিয়ে আসেন
0283b4289d.wav,76878,কিছু সমস্যা আছে
02842b9871.wav,80078,দুই প্লাটুন বিজিবি
0284410b89.wav,76878,মারা যাওয়ার পরেও
028486c8fe.wav,76878,দলকে সহজ জয়
0284eeaf0d.wav,115278,সম্পদের হিসাব বিবরণী
02853a40e9.wav,92878,পেনসিল স্কেচের
0285652a5f.wav,80078,তারপর সোজা
0285a030a1.wav,153678,অ্যাপল ম্যাকিন্টশ
0285a838ae.wav,99278,ভারতে তাঁর দ্বিতীয় অভিযান
0285f27324.wav,147278,ওপেনের তৃতীয় রাউন্ড শেষেও
0286202638.wav,89678,এসময় পুলিশের সঙ্গে
028723ce6f.wav,99278,এসব ব্যাপারে
02872f3016.wav,105678,জানান আশ্রাফ হাওলাদার
0287aa71a5.wav,73678,আর যেহেতু আমরা
0287f8f9fe.wav,89678,ক্ষমা চেয়েছেন
0287feb05e.wav,102478,মাছরাঙা টেলিভিশন
0288068f47.wav,140878,তিনি কতটা জনপ্রিয়তা
0288346800.wav,163278,পাথরঘাটার গির্জেটা কি
0288785d13.wav,67278,দোকানে রাখি
02893ce829.wav,128078,এফবিআইয়ের প্রতিনিধি এসেও
02897ecb78.wav,80078,এক টুকরো চামড়া
02898fce47.wav,80078,ধাওয়া পাল্টা ধাওয়া
0289da7825.wav,99278,তাঁকে দেখে
028a05b519.wav,89678,ক্লাইটোরিস
028aed1b5b.wav,108878,ইংরাজী পড়িয়া হইয়াছে
028cfebe4a.wav,176078,"এউপলক্ষে পোস্টার, লিফলেট, মাইকিং"
028db6bb27.wav,115278,বাংলাদেশে এইচআইভি/এইডস রোগীর সংখ্যা
028df670e9.wav,115278,ইদি আমিনের সৈন্যদের হাতে
028dff8ffd.wav,105678,৯৩২ কোটি ডলার
028e8c2652.wav,80078,বর্তমান লেখাটা
028e9788ce.wav,105678,ইউক্রেনে পাঠাতে সম্মত হয়েছে
028eb9e496.wav,214478,নিজেকে মূলত একজন প্লেব্যাক সিঙ্গার
028f3d19fb.wav,102478,দেয় ধূমপানকারীদের
028f42785e.wav,83278,যে কোনো মুহূর্তে
028f568e34.wav,102478,ওর চলে যাওয়া
028f9a408f.wav,128078,জনপ্রিয় হিন্দি ছবি
028ff41bf1.wav,153678,সতর্কতা সঙ্কেত দিলে
02902c9d52.wav,96078,প্রায় শত বছরের বিকাশ
0290633925.wav,99278,সুতরাং সমস্যা হবেনা
0290db8079.wav,83278,থেকে মুক্ত
0291d1718d.wav,99278,প্রত্যক্ষ ও পরোক্ষভাবে ক্ষতিগ্রস্তরা
029235f871.wav,115278,"না, তিনি বড় অল্পবয়স্কা"
02927a25ad.wav,121678,ওইদিনের সহিংসতায়
02929666e2.wav,76878,তুলে ধরে তিনি বলেন
0292af7112.wav,118478,নিয়মিত কমিশন সভায়
029340e4b0.wav,89678,দিয়ে তৈরি
029358de2b.wav,144078,রান পাননি বললেই চলে
02935fe638.wav,86478,ভারতকে ট্রানজিট দেয়া
0293ce189b.wav,166478,গোলের পর নেইমারের উদযাপন
0293e28b41.wav,89678,শুরু হয় দুই দিক থেকে
029446e9bb.wav,73678,ক্লান্ত হয়ে
029457b3ff.wav,128078,এই চরিত্রের জন্য
0296c22483.wav,73678,দরবারও করেছেন
02976c920b.wav,134478,৩০-৪০ বছরে
0297e966c8.wav,137678,বমি করে
0298035652.wav,140878,টিটকারি দিয়ে বলতাম
02982d2a56.wav,115278,তা গার্মেন্ট শিল্পের শ্রমিকদের
0298b81e15.wav,89678,২৮ জনের
0298c17195.wav,99278,ওর পরনের মোটা বাইনের শাড়িটি
0299383a70.wav,134478,বেসরকারি শিক্ষাপ্রতিষ্ঠানের শিক্ষার্থীদের
02999ed5f5.wav,108878,এবং চন্দ্র পৃষ্টে অবতরণকারী
0299e45b9d.wav,166478,আবারো তাদের বাড়িতে নিয়ে আসে
029aec0dca.wav,102478,শিশুটিকে একটা কুয়ার মধ্যে
029b62c0ee.wav,89678,একুশের কৃষ্ণচূড়া
029b75cba6.wav,105678,ঘোষণা দিয়েছেন প্রকাশ্যে
029bb007d1.wav,131278,এক সাংবাদিক বৈঠকে
029be1852b.wav,92878,তারা কতটা সচেতন
029c0ac9fb.wav,102478,ছিটকিনিটা আস্তে খুলে
029c0e3b20.wav,227278,অনেক সময় একপক্ষ বাধ্য হয় আত্মহত্যা কিংবা ভয়ঙ্কর কিছু একটা করতে।
029c202b68.wav,92878,পারছেন না
029c62ceb2.wav,134478,২০১৫ সালের
029c86de21.wav,124878,তাদের সঙ্গে কোনো বন্ধুত্ব নেই
029c98e361.wav,96078,কল্পনার চোখে আজাদ দেখতে পেল
029cc05330.wav,124878,সময়মত সরবরাহ করার
029cd9681b.wav,108878,আর ধন্য হইবেন না
029dd0c709.wav,89678,গোপন রাখার চেষ্টা করে
029dfb64bc.wav,115278,প্রবেশ করতে পারবেন না
029dff5309.wav,240078,"মোজাম্মেল হক বলেন, ঘরে ঘরে চাকুরী একটি রাজনৈতিক শ্লোগান।"
029eca0922.wav,83278,এভাবে দিন ফুরিয়ে যাবে
029f32c25e.wav,92878,রড জাতীয় কিছু দিয়ে
029f54daae.wav,54478,কালা
029f580a1d.wav,83278,তখন আনন্দে আত্মহারা
029fba7849.wav,99278,আমরা সহজেই বলতে পারি
02a0db5466.wav,118478,বিশেষ ওই আদালতকে
02a1053c41.wav,60878,পূর্ব ইউক্রেনে
02a1946591.wav,105678,তিন যুগের স্বেচ্ছা নির্বাসনে
02a1f3c52a.wav,112078,অর্থনীতির ক্ষেত্রে জাপান আজ
02a23fabef.wav,128078,কিছুদূর চলতেই লোহার সেতু
02a28210fa.wav,112078,নতুন বেতন কাঠামো নির্ধারণে
02a2a23b4b.wav,118478,মোহামেডান স্পোর্টিং ক্লাব লিমিটেড
02a2a6cc94.wav,115278,সেখান থেকে এসে
02a2f2adf7.wav,96078,বিবাহ
02a308937e.wav,89678,দেশব্যাপী ষষ্ঠ বারের মত
02a31edbbb.wav,96078,সত্যিই ধন্য হয়ে গেছে
02a32ac28b.wav,99278,কোন যুক্তিসঙ্গত কারণ নেই
02a377a5f1.wav,67278,ব্রাজিল একাদশ
02a3fde7c6.wav,105678,আজ ১৩ দিন ধরে
02a4404cda.wav,137678,দলে সুস্থ রাজনীতির চর্চা হবে না
02a49b5fa4.wav,86478,শ্রমিকদের পরিবারের জীবন
02a571de1c.wav,118478,"এদিকে, স্প্যানিশ গোয়েন্দারা জানিয়েছেন"
02a5b380a5.wav,92878,অধিগ্রহণ করে
02a6009c10.wav,99278,আঙুর গাছের তলে
02a66da22f.wav,121678,বুধবার শীতলক্ষ্যা নদীতে
02a9885369.wav,115278,ক্ষুদ্রাকৃতির এ রচনাটি পড়ে
02a988c6ab.wav,89678,তাঁর সম্মানে
02a9d0f3ac.wav,99278,জাতীয় সংগীত গান
02a9de204a.wav,153678,চিন্তা করিতে গিয়া
02aa05a622.wav,131278,এই ক্যাম্পগুলোতে
02aa6a7487.wav,86478,মাঝের এ সময়ে
02aab61a05.wav,96078,তৈরি করতে
02ab92d984.wav,64078,বসে থাকি
02abaaac61.wav,131278,কোনো এক মন্থর সন্ধ্যায়
02ac574b88.wav,67278,আমার বয়স
02acabc3e4.wav,121678,এগুলোর মধ্যে দেখা মিলবে
02acb86002.wav,131278,ব্যাপন প্রক্রিয়া চলতে থাকে
02ad60e4a2.wav,156878,খুঁজে পেলেন তিনি
02adfd10dd.wav,153678,ট্রেন এগিয়ে যায় বাধাহীন
02ae17e859.wav,99278,রবীন্দ্র ভারতী বিশ্ববিদ্যালয়ে
02ae45bbd9.wav,73678,ধর্মঘট
02af813db1.wav,89678,ফিলিপাইনের সংস্কার হল
02b008cb4a.wav,124878,প্রথম কৃষ্ণাঙ্গ প্রেসিডেন্ট
02b03a0132.wav,121678,প্রশিক্ষণ প্রসঙ্গে
02b08101b8.wav,83278,ড্যানিয়েল থেকে
02b1bc79fb.wav,128078,ঢাকা বিশ্ববিদ্যালয়ে ভর্তি হয়ে
02b1ce909a.wav,102478,দক্ষিণারঞ্জনের বায়না
02b25af5d4.wav,121678,খিলগাঁও ফ্লাইওভারের
02b25ccc39.wav,115278,মামাতো বোন
02b29beaea.wav,121678,ভারতের সুন্দরবনের ক্ষেত্রে
02b2e2b368.wav,108878,চিকিৎসক মৃত ঘোষণা করেন
02b3990029.wav,131278,রেলের উদ্ধারকর্মীরা কোনো প্রকার
02b459c633.wav,137678,আগুন জ্বালিয়ে বিক্ষোভ করে
02b4b3be6c.wav,105678,ডাকাত পড়েছে
02b6463d20.wav,115278,দুটো চপ
02b651f318.wav,134478,উন্মুক্ত করি
02b6604f04.wav,131278,বা নিচুস্তরের বিষয় নয়
02b6ae6392.wav,160078,১৯৯৫ সালের বড়দিনে হলেও
02b6b74ee3.wav,166478,ছেলে বই পড়ছে দেখে
02b6f9590e.wav,118478,"স্বাস্থ্য সচিব, জনপ্রশাসন সচিব"
02b7495ade.wav,156878,প্রদর্শনীতে ল্যান্ড অব ফ্যান্টাসি নামে
02b7f91772.wav,92878,এ্যাটর্নি জেনারেল
02b7fe9e83.wav,86478,আত্মহত্যা করবে
02b826cb62.wav,115278,বিতর্কিত এই ক্রিকেট প্রশাসক
02b840e5bf.wav,108878,ভাবিয়া ভাবিয়া
02b840ef8e.wav,198478,মেজর অব. কাজী এমদাদুল হক
02b8726bba.wav,96078,মনোযোগ দিতে হবে
02b876040c.wav,89678,ফুটবল তারকা
02b8aad75a.wav,96078,"এদিকে, ঐশীর ছোট চাচা"
02b90971c8.wav,124878,কেন্দ্রীয় কর্মসূচির অংশ হিসেবে
02b922a1df.wav,89678,এক হাতের কনুই
02b9a07621.wav,121678,শামীম আহসান জানিয়েছেন
02b9e44579.wav,140878,কংগ্রেস নেতৃত্বাধীন
02ba0820a4.wav,102478,ওপর জোর দেয়ার
02ba4fe759.wav,96078,ছেলে জুটিয়ে
02ba6bfb72.wav,112078,মককা শরিফ
02bac438ff.wav,131278,বাসুদেব নামে সচরাচর
02bb6d912f.wav,224078,শনিবার বৃষ্টির মধ্যে
02bba0b22d.wav,73678,প্রকৃতি ও প্রাণ
02bbd9704c.wav,150478,বঙ্গমাতা শেখ ফজিলাতুন্নেসা মুজিবের নামে
02bbf31bf3.wav,112078,মোকাবিলার বিষয়কেও
02bbf69a63.wav,134478,নিষ্ফল পার হওয়ার পর
02bc0e729a.wav,121678,মানুষ যেন আরও বেশি
02bc5ff2b3.wav,281678,তার বিখ্যাত গ্রন্থ প্রিন্সপিয়া
02bc842592.wav,115278,ভোটাররা তার সম্পর্কে
02bd07e40f.wav,121678,মম্মান্তিক কষ্ট আর নাই
02bd5dcdc1.wav,92878,বাংলাদেশের মুক্তিযুদ্ধ
02bdec2068.wav,86478,দীর্ঘমেয়াদি পরিকল্পনা
02be30417d.wav,89678,এরশাদ মোটরসাইকেলে করে
02bea56b89.wav,156878,প্রাচীন ভাষ্যের ও টীকার
02bead4499.wav,105678,পাশাপাশি বসিয়ে
02befd78e1.wav,92878,ফের শুরু হয়েছে
02bf30885a.wav,105678,গৃহকর্মীকে নির্ধারিত মজুরির চেয়ে
02bf5ae6b1.wav,137678,ওঁর সঙ্গে বন্ধুত্ব হয়েছিল
02bf74e359.wav,83278,সবচেয়ে বেশি হারে
02bfafcbfa.wav,131278,বাংলা একাডেমী আয়োজিত অনুষ্ঠানে
02bfe5f31f.wav,76878,ধারণ করে
02c08469fe.wav,118478,আগামী সপ্তাহে অনুষ্ঠেয়
02c08f5be4.wav,252878,ক্ষমতাসীন কংগ্রেসের সংসদ সদস্য
02c0e3d44e.wav,128078,অ্যান্ড্রু জেড ফায়ার
02c0e726ef.wav,102478,যেসব শ্রমিক
02c1592de4.wav,150478,বিদেশ ফেরত মেয়ের চরিত্রে
02c1d916e7.wav,124878,পার্থক্য দেখানোর জন্য
02c204ccc7.wav,67278,নেমে আসে
02c210caab.wav,108878,এই হলো সৃষ্টির মূলতত্ত্ব
02c2413af8.wav,172878,সবশেষে গোলমরিচের গুড়া
02c25c699a.wav,86478,তিনি জবাব দিলেন
02c2b3ac1a.wav,80078,বিজ্ঞান ও প্রযুক্তি বিষয়ক
02c2d6e05e.wav,102478,তাদের কণ্ঠে থাকে
02c30d21ea.wav,67278,দু-একজন ছাড়া
02c33f4d08.wav,118478,তৎপর থাকবে
02c352dd19.wav,83278,হত্যা মামলার মতো
02c38c1032.wav,128078,শুভযাত্রার লাক্সারি পরিবহনে
02c3a34184.wav,76878,মার্তিনোকে
02c3ab69a9.wav,153678,তার দাফন হয়
02c3bd74d0.wav,86478,বুয়েটের গেইটে
02c3c84f6d.wav,134478,ঝুলিয়ে রাখি হাসি
02c41593e2.wav,112078,অনুষ্ঠান উদ্বোধন করতে
02c44f190d.wav,115278,রোগীদের সেবা প্রদান করা
02c4dfbf2a.wav,134478,জন্মস্থানের খুব কাছে
02c50b70d6.wav,92878,দ্রুতই খবরটি ছড়িয়ে পড়ে
02c530b5eb.wav,128078,যাতে সবার নাম ঠিকানা
02c546df5e.wav,76878,সরকার অস্বীকার করেছে
02c559647e.wav,64078,এগিয়ে নেয়ার
02c5730b4d.wav,121678,৪৭১ কোটি ডলারে নেমে আসে
02c5bea653.wav,89678,সিংহ ছাড়া
02c6403b4f.wav,112078,শিল্পায়িত করতে পারবো
02c6794c36.wav,124878,জোজ টামায়োর সঙ্গে
02c6da1665.wav,73678,দিপু রায় চৌধুরী
02c6e747d0.wav,108878,অনুপমার প্রেম
02c73d4494.wav,70478,দুঃখ-কষ্ট-যন্ত্রণা
02c754f215.wav,102478,চব্বিশটি গান বা পদ আছে
02c7cbe1d9.wav,115278,ওয়ার্ল্ড মুসলিম কংগ্রেসের উপদেষ্টা
02c7e47130.wav,128078,দবির সাহেবের সংসার ছবির গান
02c85fa8b7.wav,118478,এত ভোরবেলা
02c9242f29.wav,182478,"আইহো, ভারতের"
02c9980660.wav,83278,১টি পেঁয়াজ
02ca2f6050.wav,121678,সমাবেশ স্থগিত করার কথা
02ca3f98d0.wav,115278,আমার তাহা জানিবার
02ca6ed1a2.wav,124878,অন্তর্ধান সম্পর্কিত আরও একটা কাহিনি
02ca8976b5.wav,102478,ইউক্রেইন সীমান্তে
02caa0728a.wav,80078,একটু স্থান দিই
02cad62f5c.wav,102478,মাটি থেকে দেখলে
02cae56d25.wav,115278,প্রতিদ্বন্দ্বিতার চ্যালেঞ্জ
02cae9a782.wav,121678,ভারতীয় সাহিত্যিক সুনীল গঙ্গোপাধ্যায়ের সাথে
02cbe38673.wav,124878,অন্ধ করে দিয়েছিল
02cc181194.wav,105678,সুরাইয়া মুলতানিকার
02cc7e376b.wav,89678,সকালে ছোটদার গিটারে
02cd2e6b37.wav,70478,কোন মতে
02cde424b7.wav,102478,স্যাটেলাইট দর্শকফোরাম
02ce6bdd62.wav,83278,বাঁশি
02cee0859e.wav,105678,বৃহস্পতিবার নির্বাচন কমিশন ঘোষিত
02cf9c324c.wav,150478,এখন কুষাণের সঙ্গে
02cfe012e2.wav,60878,বন্ধ করে
02d0691525.wav,102478,বাংলাদেশের মানুষের কথা
02d07ddeeb.wav,86478,এ নির্বাচন সামনে রেখে
02d0d5ff5a.wav,70478,বাংলাদেশে সাগরতীরে
02d10efb15.wav,150478,৫ই এবং ৬ই মে
02d11f0715.wav,121678,এদের কয়েকজন আমাকে বলছিলেন
02d120d36d.wav,118478,বাড়ানোর উদ্দেশ্যে
02d1667941.wav,118478,বিবিসির এ্যালেক্স লাস্টের কাছে
02d1a73d9c.wav,92878,ভূতের সিনেমা দেখেই
02d1bf2426.wav,166478,তাপমাত্রা অনেক বেড়েছে
02d1cbd502.wav,124878,শীতে খুশকিমুক্ত চুলের জন্য
02d28ee19a.wav,86478,আদালতে হাজির ছিলেন
02d2b01078.wav,134478,মেয়েটির আগ্রহ কমে যায়
02d2b616fc.wav,121678,ছিলেন বদ্ধপরিকর
02d2c3b942.wav,128078,কেন্দ্রটিতে ভোটগ্রহণ বন্ধ
02d2cc0855.wav,118478,সাহিত্যে প্রেমে-প্রতিবাদে
02d30840a2.wav,121678,আমি ওখানে ক্রমাগতভাবে
02d328c250.wav,89678,মহিলারাও ছিলেন
02d3a02a9c.wav,118478,এ সব অভিযোগের তদন্ত করে
02d3a7c472.wav,153678,এমনকি মাটি দিয়েও
02d40ae560.wav,92878,বিধ্বংসী হয়ে ওঠে
02d42d7c1f.wav,105678,রাজ্য সভার
02d4b0dc47.wav,105678,সতর্কতার সাথেই চলছে
02d4b91048.wav,48078,তারিখ
02d4deee1c.wav,131278,এ ছাড়া তার আর কোন
02d5ecf538.wav,131278,দশম অবতার
02d612e0ab.wav,105678,তখন বাংলাদেশের কিছু পত্রিকায়
02d66d3258.wav,115278,সিলেটবাসী সবচেয়ে বেশি উদ্বিগ্ন
02d67eaaba.wav,115278,তাঁরাই অসাম্প্রদায়িক চেতনাবোধ
02d6b642d7.wav,243278,আসলে ভারত-যুক্তরাষ্ট্র সম্পর্কের ক্ষেত্রে খুবই নাজুক একটা সময় চলছে।
02d6be0865.wav,54478,মোবারক
02d71698fd.wav,83278,বাকের ভাই
02d73e5563.wav,131278,উত্তরসুরী হিসেবে
02d75017b6.wav,96078,এ কারণেই এটির এত কদর
02d756d136.wav,54478,হবিগঞ্জ
02d7968c33.wav,92878,"বিপাশা, সপ্তপদীতে"
02d7a87859.wav,89678,রাজাকে বুঝিয়ে বললেন যে
02d7bb4f99.wav,112078,এর ভঙ্গিটি ব্যবহার করি
02d805884f.wav,147278,শিশুর ড্রয়িং খাতার মতো
02d833c8fb.wav,99278,হৃদয় খান
02d8bdd8f4.wav,92878,পেতে গেলে তাদের এমন
02d9528f0a.wav,76878,মিষ্টি মিষ্টি বরই
02d9cd89b3.wav,73678,সম্পর্ক থাকে
02d9ff017c.wav,112078,অবশ্য সড়ক বা রেলপথে আসেন
02daa2a58b.wav,99278,একটু দেখল
02dad45d2b.wav,86478,মামলায় রোববার রাতে
02dafab13e.wav,102478,মিঃ রহমান তা
02db3d7835.wav,115278,নতুন প্রজন্মকেধ্বংস করবেন না
02db4539c3.wav,96078,ধুলায় মিশিয়ে দিয়েছিল
02dbbd683d.wav,108878,পাকিস্তানি গণমাধ্যম সংশ্লিষ্টরা
02dbdf593a.wav,89678,তাকে সুস্থ করে তোলার জন্য
02dc1bc489.wav,99278,কবি ইলিয়ট মূলত
02dc759595.wav,83278,সব সময়ই আসছে
02dcf1757f.wav,80078,জাতি গ্রহণ করতে পারে
02dd1561ac.wav,121678,এটি তাদের জেনারেটরের ফল্ট।
02dd4be697.wav,96078,দুই সম্প্রদায়ই সমান পারদর্শী
02dd821507.wav,89678,বিক্ষোভকারী নন
02de0589c1.wav,121678,লেবানন থেকে
02de4beebf.wav,131278,যখন তিনি আমাদের দেখে
02de57bfe9.wav,80078,আর কী আছে
02de72bd1e.wav,128078,ও চাঙ্গা করার লক্ষ্যেই
02de83d61d.wav,92878,সংসদ বহাল রেখে হবে
02deb835cd.wav,105678,পুলিশ তাকে গ্রেপ্তার করে
02debf2b23.wav,102478,শুরু হয় আতশবাজ
02ded95347.wav,121678,নানা খবর বেরুচ্ছে
02def70a54.wav,195278,বিদায় জানানো হয়
02e0c0ce5d.wav,208078,নজরুল যে চেতনার মানুষ
02e1160625.wav,92878,রিলাক্স করে
02e116d66b.wav,131278,আলাবামার পুলিশের পিটুনিতে
02e11dfb92.wav,124878,একটি মাদ্রাসা প্রাঙ্গনে
02e13601f2.wav,70478,দুই মাসের মধ্যে
02e1c69525.wav,80078,ভিসা দেয়া হবে
02e2626b01.wav,140878,তারা দাঁত খিচিয়ে
02e263c553.wav,99278,আমদানি বেশি হওয়ায়
02e2d00be1.wav,128078,অপর ডাকাতকে
02e2f4456a.wav,83278,দর্শকদের সামনে
02e316fb55.wav,134478,পুলিশ একজনকে গ্রেপ্তার করেছে
02e39ba980.wav,112078,সৈয়দ শামসুল হক
02e3a97ea7.wav,80078,পালাতে পারেনি
02e3d692d1.wav,137678,তাদের পণ্য বানিয়ে
02e3e7e1cc.wav,108878,রায়বাহাদুরের পুত্র হয়েও
02e4e6b019.wav,64078,তিনি চান
02e51647e4.wav,115278,২৫ থেকে ৩৫ টাকা
02e517f55e.wav,96078,জনগণের একটা রায় আছে
02e51a6a44.wav,115278,জড়িত ১৬ জন এমপিকে
02e53ec304.wav,115278,টাইপ করতেন
02e544c805.wav,128078,বাঘের গর্জন শোনা যায়
02e56b2f16.wav,121678,বাবা পরেশ পালের কথায়
02e5a6fa2f.wav,105678,"স্যার, ১০ মিনিট পুরো লাগেনি"
02e5f16811.wav,153678,কাহারও মুখে কথা নাই
02e6bdde7b.wav,134478,চাকরি এক-দুই দিনের
02e76dc119.wav,83278,সুবিধা করতে পারেনি
02e7b3e24b.wav,105678,টলস্টয়ের অনেক
02e82985b8.wav,67278,বস
02e886a1ef.wav,118478,সুরমা জাহিদ দেশের বিভিন্ন স্থানের
02e8909ee6.wav,153678,কালকে রাত
02e8ac1c5d.wav,118478,ইসি কর্মকর্তারা জানান
02e8c16233.wav,89678,তাঁদের স্থান দেওয়া হয়নি
02e8c826d2.wav,92878,সামাজিক বিড়ম্বনা থেকে
02e9648646.wav,67278,মীর জাফর
02e9fd3b09.wav,102478,শুধু স্কুলের পড়াশোনা দিয়ে
02ea4221ba.wav,80078,টিসু
02ea9e55e4.wav,92878,বড় বেশী দেরি হইল না
02eaac7498.wav,160078,কানাডার টরেন্টোকে যাওয়ার সময়
02eae62a35.wav,115278,বিশেষ করে সিলেট অঞ্চলে
02eb3e5075.wav,115278,লতাবর গ্রামে
02eb58d98d.wav,105678,একটি গোছানো বাড়ি পাবে
02eb7d742e.wav,112078,মেডিসিন বিভাগে
02eb9b7b80.wav,108878,জেকুলিন তাঁদের অন্যতম
02ebc268a5.wav,156878,সমর্থন দিয়েছেন পুতিন
02ec79b96d.wav,99278,তারা আবেদন জানাবে
02ecb1c7b5.wav,102478,সহকারী কমিশনার পদমর্যাদার
02ece84d2a.wav,112078,ভাত বাড়িতে ব্যতিব্যস্ত হইল
02edbaff2c.wav,108878,আন্তর্জাতিক অঙ্গনেও
02edc683a9.wav,54478,নিয়ন্ত্রনে রাখতে পারছে না
02ede0a089.wav,105678,পরিবেশন করছেন রাসেল মাহমুদ
02ee605bcf.wav,89678,বিক্রি কমে যাওয়ায়
02ee7befa9.wav,169678,দনিয়েৎস্ক শহরের রুশপন্থী বিক্ষোভকারীরা
02ee88c08b.wav,147278,আমাদের ছবি আঁকিয়ে
02eeaf21b9.wav,124878,স্কটল্যান্ডের প্রাচীন
02ef00aa01.wav,83278,প্রতিবাদ করার
02ef386f16.wav,112078,বিমানবন্দরের কাছে বলেই
02ef47913d.wav,105678,বাদুড় থেকে
02effd2b4d.wav,83278,প্রথম ব্যাট করার
02f0388495.wav,102478,বন্ধ হয়ে যাবে
02f042f342.wav,144078,বেতন কমিশন গঠন করা হয়
02f054ba4d.wav,96078,সম্ভাবনা নেই
02f0b94be2.wav,118478,অন্যান্য লোকেরা
02f1014df4.wav,80078,বৃহস্পতিবার ভারতের
02f1354f89.wav,80078,সে আমার সঙ্গে
02f161bd72.wav,147278,এই আকৃতির প্রাণীটির প্রতিকৃতি
02f180d9cd.wav,73678,কি খাবেন
02f1a54b6a.wav,92878,পালিত দিবসটির
02f2623e5c.wav,86478,ওই বার্তা নিয়ে
02f2950d5e.wav,121678,আমায় ভালোবাসে না
02f3251453.wav,163278,"যেমন, তাপমাত্রা,বৃষ্টিপাত,"
02f395a3ee.wav,92878,৩০ মিনিটে
02f397fe4c.wav,134478,বিরোধী রাজনীতিক
02f3a5791f.wav,105678,রাতে ও রোববার সারাদিন
02f3cd9751.wav,86478,সেখানে গাইছেন তিনি
02f427d63a.wav,86478,বিখ্যাত হন
02f4c19cd2.wav,92878,শিরোপা উঠবে সিদ্দিকের হাতেই
02f567d3d4.wav,118478,৫ সদস্য নিহত হন
02f5d02976.wav,211278,বাংলাদেশে অর্থনীতি
02f6297943.wav,99278,দুপুর একটা পর্যন্ত
02f63a2387.wav,73678,ভোট দেবে
02f65a62dc.wav,80078,বা অস্থিকোষে
02f67d0c60.wav,102478,পলিমাটি চাপা পড়ে থাকা
02f7a318a2.wav,92878,প্রেমিকা লোপাকে কাজে লাগান
02f7c30fc5.wav,153678,কি নারী-পুরুষ প্রেম করেনি
02f7dda844.wav,115278,না কানের ওপাশে
02f872f50e.wav,115278,দেশের মানুষের জন্য
02f8c09aa7.wav,99278,লক্ষ্যভেদ করেন ওয়াহেদ
02f8e1d014.wav,124878,স্যামসাং
02f9428105.wav,108878,উষ্ণ করে না
02f9a8c056.wav,134478,তাদের মোকাবিলাই বা আপনি
02f9ba4689.wav,105678,রাজনৈতিক কারণে তা আর
02f9f088f7.wav,124878,বাগদাদ বিমান বন্দরে নামার পর
02fa37abae.wav,102478,পিঠে হাত বুলিয়ে
02fa576c36.wav,124878,অভিযান নিয়ে একটি প্রতিবেদন
02fa67155b.wav,83278,১ ঘণ্টা পর
02fa6eeb8d.wav,124878,লাশ কাঁধে করে
02fa796c75.wav,140878,২৬৫ মিলিয়ন ডলারে
02fac882da.wav,99278,যৌন উত্তেজনা হলো
02fb1655e7.wav,73678,এসে বসেছে
02fb34dbc2.wav,99278,ও হাসপাতালের সপ্তম তলায়
02fbbab552.wav,137678,সীমান্তের দুপারের দখলদাররা
02fbc7ef71.wav,137678,জরুরি ভিত্তিতে এক হাজার টাকা
02fc1994cc.wav,179278,পিছে পিছে আইছে
02fc7290e5.wav,86478,তাঁর বেড়ে ওঠা
02fca69db0.wav,144078,আকুপাংচার ইউরোপে প্রবেশ করে
02fd097b48.wav,227278,ছুরিকাহত হলেন
02fd51eb44.wav,60878,তাতো নয়
02fd589277.wav,201678,পাবনার রমা থেকে কলকাতার সুচিত্রা
02fd7bdc59.wav,70478,অর্ডার দিয়ে বানালে
02fdaff790.wav,86478,নেয়া হয়েছে পুরো অঞ্চলের
02fdcdaa39.wav,92878,বাজে বেশি
02fe1441b6.wav,128078,দায়িত্ব নেয়ার মাত্র
02fe2501fe.wav,67278,আর এখানেই
02feb8f143.wav,112078,কোনও বেসরকারি বিশ্ববিদ্যালয়
02ffdfd7a4.wav,115278,ইস্তামবুল থেকে
030067defc.wav,140878,লেখাটা কতদূর পৌঁছাচ্ছে
0300c20530.wav,108878,"মৃত্যুঃ এপ্রিল ২৯, ১৯৮০"
0300f44f65.wav,70478,ইসলামের ইতিহাস
0300fc68e8.wav,80078,ছোট বোনের সঙ্গে
030152da48.wav,105678,বিক্রেতারা জানিয়েছেন
030187664b.wav,86478,আমাদের দাবী উপেক্ষা করে
0301c953bd.wav,67278,একটি মেয়ে হয়
0301da74d6.wav,76878,ওই গাড়িতে
03021a4618.wav,112078,"জুলাই ১১, ২০০৮"
03026e7333.wav,86478,বিভিন্ন থানায় গিয়ে
0302ba0d91.wav,99278,পাড়া ঘোরাল ক্লাবের ছেলেরা
0303511970.wav,156878,মুখোমুখি হতে হবে না
0304133e8b.wav,99278,শুরুতে জানান
0304851f19.wav,115278,অনেক উদাহরণ আছে
0304f9651b.wav,96078,ছোট্ট সুন্দর মেয়েটি এখন
030548cc04.wav,105678,টাঙ্গাইলের লাবলু-বাবলুর
030557653d.wav,89678,সক্রিয় সদস্য শফিকুল ইসলাম
0305c944bc.wav,99278,বলে আসবে সে
0305f1557d.wav,102478,অনুপ চেটিয়ার একটি আবেদন
0306147420.wav,147278,তবে তাঁর ছেলে মাসুদ সাঈদীর
03066f2a02.wav,121678,শুধু ফুল ফল!
0306fc58c6.wav,89678,পাকিস্তানি বাহিনীকে
0307e6ca03.wav,57678,জেলা সদরের
0308114640.wav,163278,যাহা হরিবংশ ও পুরাণে আছে
03083ae33a.wav,153678,যাপিত জীবনের নিরালম্ব কাহিনিই
030889beee.wav,121678,নিহতের পরিবারের কেউ
0308f75b70.wav,92878,শেষতক লুগার
030909cdf7.wav,108878,সুযোগ নেই
03095d7fad.wav,128078,এখন পাশ্চাত্যে
03095e21e1.wav,83278,প্রশান্ত মহাসাগর
0309b146b1.wav,102478,পরিবর্তন ততটুকুই করেছিল
0309ede15c.wav,89678,বেসিকের জন্য লেখা
030a1ad915.wav,99278,বসিয়া থাকিতে হইল
030a40ab14.wav,67278,তো অনেক বেশি
030b50d851.wav,73678,ভয় দেখিয়ে
030bdf22fd.wav,179278,জরুরি বলে জানিয়েছেন চিকিৎসক
030bef9b5a.wav,150478,শিশু গৃহহীন হয়েছে
030bfd34c6.wav,121678,আমারও একটু যেন সেইরকম ঠেকছিল
030c454427.wav,67278,সম্মত হয়েছে
030cd9bf9d.wav,92878,পানি ও বিদ্যুতের মতো
030ce7af90.wav,89678,ও ভাইস-প্রেসিডেন্ট
030d085344.wav,115278,ঢাকা শহরে যাত্রীবাহী বাসের সংখ্যা
030d8efedf.wav,92878,দেশের পানির সম্পদ
030df63c89.wav,115278,সুতরাং নবী রাসূলগণকে
030e19efa0.wav,83278,ব্যক্তি উদ্যোগ
030e3a2b9e.wav,118478,প্রিয় হয়ে ওঠে শাবানা আজমি
030e475616.wav,134478,৬শত শিক্ষক
030e92f111.wav,144078,টুঙ্গীপাড়ায় সশস্ত্র বাহিনীর
030ec36cbd.wav,147278,লেখাপড়া
030f68bf17.wav,96078,তাড়াতাড়ি ঘরের বাহির আসিয়া
03101bebad.wav,60878,জমি নিয়ে
0310436f98.wav,118478,প্রথমত তারা
0310467d08.wav,60878,শেষ হবে
03108f4237.wav,57678,বর্ণনা করা হয়
03109fb878.wav,115278,অন্যজন বাস ফেলে
0310d1af9a.wav,73678,আমি দেখিলাম
03118eaeb0.wav,121678,হাদিয়া জমা নিয়ে
0311d0d887.wav,89678,ভারতের জন্য মূল সমস্যা হল
03121b1f6c.wav,92878,ঝিনাইদহের সিভিল সার্জন
0312239003.wav,140878,ভার্নালাইজেশন পদ্ধতির ফলে
031277f6ee.wav,144078,১৯৭১ সালে স্বাধীনতা যুদ্ধের সময়
0312d7f8c4.wav,73678,সবচেয়ে ঘনিষ্ঠভাবে
0313df7c26.wav,108878,হালিমের মাথা ও শরীরের বিভিন্ন স্থানে
031459d123.wav,102478,হরিণ তার
03152577fe.wav,137678,শিল্পকেন্দ্র হিসেবে কাজ করে
031553d4d3.wav,112078,ঐ রকম দীর্ঘ এক কাহিনী
031599be80.wav,144078,১৫ ফেব্রুয়ারি দুপুর পর্যন্ত
0315af75dc.wav,124878,কাজেই হোমস্-কাহিনীর নমুনা
03162850fa.wav,112078,তার মানস গঠন
031688b23d.wav,96078,পূর্ব লন্ডনের
03169290b9.wav,108878,প্রাকৃত থেকে
0316d0d97d.wav,102478,নিষেধাজ্ঞা দেয়া হয়েছিল
03171d3273.wav,115278,আমিও নিজেকে এর সঙ্গে
03174ef99e.wav,224078,তাঁতিরা আজ দিশাহারা
03179ccebf.wav,76878,ওর যত ভাব
03180b9ac9.wav,156878,গণতন্ত্র রক্ষার জন্য
0318340fdb.wav,86478,দাবি জানান তারা
0318492032.wav,96078,চারটি বিভাগ নিয়ে
03189d6966.wav,76878,বেঁচে থাকে
0318cbba7f.wav,80078,শুভ জম্মদিন
0318e7988a.wav,102478,কাজ করার কথা আছে
03197eda21.wav,204878,প্রায় ১৮ ঘন্টা অপেক্ষার পর ছেলের লাশ পেয়েছেন চাঁদপুরের মোহাম্মদ ইয়াসিন।
031a15f653.wav,89678,কোথায় তলিয়ে থাকে
031a1dcd94.wav,99278,১৮৬৯ সালের দিকে
031a45c507.wav,118478,ব্যবসায়িক কর্মকাণ্ড বাড়ছে
031a993d1c.wav,112078,এরই মধ্যে ভিডিওটি নিয়ে
031ad4c6f2.wav,198478,রানা প্লাজা বিধ্বস্তের পর দিন-রাত নিজের বাসা থেকেই উদ্ধার তৎপরতা দেখেছেন তিনি।
031b6a3a16.wav,73678,দৃষ্টিকোণ থেকে
031b929964.wav,108878,প্রেম ও পরিবারের দ্বন্দ্বে
031bac389a.wav,259278,কেউ আবার এক বছর পর পর সঙ্গী পরিবর্তন করছে।
031ca8cb6e.wav,83278,দুই পক্ষকে নিবৃত করতে
031ccada7d.wav,99278,কী ভেবে হঠাৎ
031d626853.wav,73678,অপরাধ গুরুতর
031d8d9bc7.wav,92878,সিঙ্গাপুর ও মালয়েশিয়াকে
031dd4e481.wav,89678,সংক্ষিপ্ত পরিচয়
031e2cc020.wav,70478,যে পরিমাণ
031e3bd710.wav,102478,বাংলাদেশ শুধু বেইজিংয়ের হয়ে
031e3f6b2d.wav,64078,আবার অনেক খারাপ
031e56f2a7.wav,243278,দেশটির সেনা প্রধান স্থানীয় সময় রাত ১০ থেকে ভোর পাঁচটা পর্যন্ত এই কারফিউ বলবত রাখার আদেশ দেন।
031ec1c727.wav,153678,যন্ত্রপাতির ভ্রাম্যমাণ
032008aff5.wav,60878,মুক্তি পেয়েছেন
032079db53.wav,121678,এই পুরুর বংশ
03207b6b26.wav,121678,কেহ তাঁহার দিকে
03214067b9.wav,124878,জন প্রশাসন বিভাগে
0321698471.wav,83278,১৯৪০ সালের
0321a2fbbe.wav,182478,নন এমপিও শিক্ষকরা
0322147dbe.wav,112078,এই প্রতিযোগিতায়
03221f6865.wav,102478,গ্রন্থসমূহ যেমন
03222bf35d.wav,89678,আপনারা কী ভাবছেন
03223a6d19.wav,176078,হুইলর সাহেবের ন্যায় পণ্ডিতেরই
032244a9ff.wav,102478,বহুলাংশে কমে গেছে
03225bddae.wav,156878,অন্যদিকে নকলা উপজেলায়
0322a86284.wav,121678,সিদ্ধান্ত নিল বিএসএফ
0322c5d58e.wav,86478,বরই
03234921c2.wav,124878,মান-সচেতন নির্মাতারা
03235ff656.wav,86478,উদ্বেগে পরিণত হয়েছে
03237fb77b.wav,105678,অনেক বেশি স্বাধীন ছিল
0323c001f4.wav,102478,রেলে রাজশাহী
0323f32416.wav,131278,সৃষ্টির শুরুর দিকের কথা
03242f0bf3.wav,92878,সঙ্গী পাওয়া যাইতে পারে
03246a2788.wav,121678,ভারতবর্ষ ব্রিটিশ সিংহের
0324fa5d83.wav,89678,তাঁর বিরুদ্ধে মোট বিশটি
0325244b04.wav,96078,দ্বীপটির অবস্থান
0325260fe1.wav,89678,আর একটু বেশি
03254f5862.wav,99278,আমি অ্যাজমা রোগী
0325889614.wav,89678,ম্যাচের ৫৪ মিনিটে
032628b240.wav,144078,এটি অ্যান্ড্রোজেনিক অ্যালোপেসিয়া
032635a1e0.wav,128078,ধর্মবিশ্বাসের মধ্যে
03263bb3f6.wav,89678,বাছাই করা হয়
0327613891.wav,108878,অব্যাহত রেখেছে এ তিন ব্যক্তি
0327855d7f.wav,156878,বিদ্যা বিভাগের সহকারী অধ্যাপক
03279384dd.wav,99278,কালো রঙের
0327a3db05.wav,131278,ফুট ওভারব্রিজের সঙ্গে আঘাত লেগে
0327a704f8.wav,99278,২০ আসামির মধ্যে
0327b12bcb.wav,246478,‘বিদ্রোহী’র নব্বই পূর্ণ হয়নি
0327bd0b79.wav,105678,তবে এই ক্ষমতা দখলের নাটক
0328a0c075.wav,105678,ভোট পড়ায়
032933ee89.wav,86478,আলাদা ইতিহাসের বোধ
032a083bd3.wav,108878,আমি প্রতি সপ্তাহে
032a0a3bc9.wav,131278,তাঁর হূদয় ব্যাকুল হয়ে উঠেছিল
032a270ff0.wav,89678,ইংরেজী-সাহিত্যবিৎ
032b157630.wav,147278,মানবাধিকার সংগঠন
032b38cb48.wav,134478,১৯৬০ দশকের
032b81669f.wav,92878,আগের তুলনায় বেড়েছে
032c1d7fe6.wav,220878,কোনও হ্যাকিংয়ের ঘটনা ঘটেনি
032c89f9a6.wav,108878,শ্রমিকদের কমিটির মাধ্যমে
032c8c4e41.wav,102478,ছয়টি ভিন্ন ভিন্ন বিভাগে
032cb097e7.wav,134478,ঢাকা ও তার আশেপাশের এলাকায়
032d011b91.wav,64078,বিহার
032d0e8c90.wav,131278,মাসির বাড়িতে গিয়েছিল শেফালি
032d5774d0.wav,112078,তবে বাবুর্চির সঙ্গে
032d694525.wav,86478,তলোয়ার
032d7adb86.wav,121678,পাঞ্জাবের হাদালিতে
032d8979ea.wav,80078,তা ভুলে যায়
032db01e7f.wav,83278,কাছাকাছি পাড়াতেই থাকি
032ddf29ad.wav,105678,বিজেপি সমর্থিত প্রার্থী
032dedb9dc.wav,124878,দক্ষিণ আফ্রিকার
032df08575.wav,102478,এই বেটি মরে আল্লাহ
032e028583.wav,102478,কত দিকে প্রসারিত
032e489b11.wav,124878,মাসিক একশ ডলার থেকে
032e59f4dc.wav,108878,তৎক্ষণাত পালিয়ে যায়
032e96efa8.wav,96078,চোখ বাড়াবার
032ed709b8.wav,140878,তখন নিজের জড়তা
032ee34aee.wav,134478,প্রায় ২৩টি হিসাবের মাধ্যমে
032f29c16d.wav,112078,যে কোনো ছবিই
032f2af807.wav,105678,স্বীয়া নায়িকা
032f357b70.wav,160078,শুরুতে সত্তর দশকের
032f5b9b72.wav,112078,ছেলে শফিকুল জানান
032fa051a3.wav,160078,বাংলাদেশে স্ত্রীকে ধর্ষণের কারণ কি
032fb943c5.wav,128078,কলমের মুখে আনিয়া
032ffde16a.wav,115278,তারা মৃতদেহ পাননি
032fff811e.wav,128078,চ্যানেল আই ক্রুদের
03301eced3.wav,140878,নজরুলের দৃষ্টিতে ধূমকেতু হলো আগুনের পতাকা।
033024689e.wav,137678,সরকারের সেবা সংক্রান্ত
03302a04eb.wav,185678,এবিসি নিউজকে জানিয়েছেন লিনডেন
0330932e37.wav,147278,খামোখা পন্ডশ্রম
0330a1f3d6.wav,124878,উপ-রাজ্যপাল নাজিব জং-কে
0330f7e9cf.wav,99278,অনেকে এই অভিনেতাকে
033167beea.wav,140878,শিক্ষা দান করে থাকে
03322eb344.wav,73678,পদ্মা সেতু প্রকল্প
033237b179.wav,115278,কবিরাও ছিলেন বহুদর্শী পন্ডিত
03325b4fba.wav,214478,বিমানটিতে বেশ কিছু শিশুও ছিল বলে জানা গেছে।
0332609f51.wav,137678,সাংবাদিকতার ছাপ কিংবা নিছক
0332a64ab5.wav,86478,দীর্ঘ হওয়া উচিত নয়
03331a1315.wav,92878,তারা একশ’ টাকা
0333377f57.wav,134478,একটু বেশি ছিল
0333474353.wav,96078,অন্যদের চেয়ে আলাদা
033417081b.wav,121678,শুরুতে কিন্তু পিছিয়ে পড়েছিল
03343a6eaa.wav,121678,ফোন পেয়ে তার পরিবার
0334be4f19.wav,144078,এই শরীরকে
03351b8b32.wav,144078,মূলত ডায়রিয়ায় আক্রান্ত হয়ে
03357be25f.wav,156878,চিকিৎসকদের অবহেলা
03359b196c.wav,179278,বাবরি মসজিদ বানিয়েছিলেন
033635f19f.wav,99278,আদালত এই অভিযোগের
033696bbed.wav,121678,বলেছিলেন বলে
0336c06ff3.wav,73678,ভিড় জমান
0336faae37.wav,92878,ওল্ড ট্র্যাফোর্ডে খেলতে নেমে
0337a07d78.wav,92878,তারা বাস ছেড়ে যেতে
0337b8148e.wav,105678,দিনটি তাঁর জন্যে
0337d8cff0.wav,99278,ঘুমপাড়ানি মাসীপিসী
033800d72f.wav,144078,হাঁপিয়ে উঠেছিল দর্শক
03384a4a19.wav,99278,তার ব্যবহৃত কাপড়ে
03388f6e2a.wav,105678,ছেলেবেলায় এখানেই
0338a970ee.wav,83278,স্থল- বিমানবন্দরে
033913dff5.wav,96078,অক্সফোর্ড দক্ষিণ মধ্য ইংল্যান্ডের
0339352650.wav,150478,প্রয়োজনে অসহযোগ কর্মসূচী দেব
033946b871.wav,121678,দিনের আলো জ্বেলে
0339741661.wav,105678,সদরঘাটের উল্টো দিকে
03399ce3b9.wav,86478,মন্তব্য করেছে
0339c706d7.wav,137678,সেপ্টেম্বরে খুচরা বিদ্যুতের দাম ১৫ শতাংশ
0339c7c376.wav,118478,মিলাইবার জন্য কেহ
0339dccaa5.wav,102478,মোহাম্মদ নাসিমের আবেদন
033a30fef1.wav,153678,বিদেশে দেশের ভাবমূর্তি
033a7db8a2.wav,144078,তারপর গোয়ালন্দ থেকে
033b44d92a.wav,108878,দুদিন ধূমপান ছাড়লে
033bad6722.wav,195278,"যেমন সাগর, আসা, চাষ, ইত্যাদি"
033c53aa1e.wav,108878,শেষ চিহ্ন হিসাবে
033c54d606.wav,112078,কিন্তু আমরা যখন বলি
033d280c17.wav,96078,ব্যাখ্যা করতে গিয়ে
033d46b533.wav,108878,চলবে দুবাই চলচ্চিত্র
033d73044e.wav,108878,মি. মোদীর দল বিজেপি
033d8532ed.wav,128078,মিরাজউদ্দীন আহমেদ বিবিসিকে জানান
033dbf1c0b.wav,108878,একটি সাংস্কৃতিক বিপ্লব
033df4c063.wav,83278,শাপলা ফুল
033dfa9498.wav,118478,ভণ্ড প্রেমিকদের প্রতি
033e0769a2.wav,83278,তাদের পার্কে
033e8a1dce.wav,150478,উদয় হলে
033eb0afb0.wav,140878,প্রতি বছর ১৪ ফেব্রুয়ারি এলেই
033ec9b651.wav,99278,সমাপনী অনুষ্ঠানের মধ্য দিয়ে
033ef7bdc5.wav,156878,হাজীদের প্রয়োজনীয় সেবা প্রদান
033f01cdeb.wav,99278,তবে তদন্তকারী কর্মকর্তা
033fb98a35.wav,83278,সমালোচনা করেন
033fc033c5.wav,134478,ব্রাজিলের টিকিট কাটল তারা
033fc06f2b.wav,153678,মানবজাতির কারল
033fc6eebe.wav,166478,নরওয়ের পুরাণে আছে
033fce71d7.wav,156878,জানিয়েছেন ইউক্রেইনের প্রতিরক্ষামন্ত্রী মিখাইল কোভাল
03401b5750.wav,153678,এবং রবীন্দ্রসংগীত শিল্পী
03407a8d82.wav,150478,লিখেছিলেন অনিল করঞ্জাই
034090b431.wav,76878,বিনোদনের সব খবর
0341acd10b.wav,166478,"আইএ, বিএ, এলএলবি"
0341c35f97.wav,118478,একজন হিসাব বিভাগ
034273c5d8.wav,112078,মৃত অবস্থায় পরে রয়েছেন তিনি
0342ad2ada.wav,86478,পর্যাপ্ত নিরাপত্তা
0343136ecf.wav,105678,জাফর যেন অন্য জগতে আছে
034384825d.wav,92878,এর মধ্যে রয়েছে
03443f8757.wav,156878,জায়গাটির সামনে এসে
03454d8b53.wav,108878,সেই সঙ্গে হাজারটা
0345dde4af.wav,128078,বিষয়টি প্রাধান্য পেয়েছে
03465ec1d9.wav,198478,গোলাম কবির ও শামসুজ্জামান
034666b255.wav,80078,মুখস্থ ছিল
034705dacc.wav,102478,পদত্যাগ করার পর
03472cfe91.wav,96078,ব্রাজিল
0347b037c4.wav,179278,ক্লাবটিকে আন্তর্জাতিক পরিচিতি এনে দেয়
0347f8c294.wav,249678,"নরেন্দ্র মোদীর ঘুম ভেঙেছে অনেক দেরিতে, কিন্ত তার কথাকে আমরা আমল দিচ্ছি না।"
03483f1407.wav,134478,সমাবেশের অনুমতি
0348b5af99.wav,108878,মাঠে চরাতে এনেছিল
0348c5047b.wav,131278,অনুসন্ধানী দৃষ্টিভঙ্গি
034998267f.wav,96078,ফায়ার সার্ভিস কন্ট্রোল রুম
03499db649.wav,115278,এ চলচ্চিত্রের ট্রেইলার
03499ea0bc.wav,64078,দুই বছর আগেই
034a30b50f.wav,80078,পার্বত্য চট্টগ্রাম থেকে
034a4b2354.wav,112078,উপায় না-থাকে
034a597e34.wav,51278,নিজ গ্রামে
034a87126a.wav,134478,মেসির ছবি
034afdcc65.wav,128078,মান যাচাই করা হয়
034b197caf.wav,118478,কাঁচামরিচ ও সামান্য একটু
034b9a6eb3.wav,112078,মৃত্যুর অভিযোগ শুনলেও
034ba1642e.wav,96078,গৌতম বুদ্ধের
034bfc23c1.wav,150478,ফিরে আসার কথাও
034c9ec52c.wav,73678,উদ্ভব হয়েছে
034cc29881.wav,131278,হিযবুত তাহরীরের মতো সংগঠন
034d0fba14.wav,124878,এতে কর্তৃপক্ষেরও
034d15c3ce.wav,96078,আয়োজিত এ কাউন্সিল হতে
034d1aca56.wav,76878,বেশির ভাগ পুঁটি
034d956499.wav,80078,অনুমতি নিতে হয়
034dace04d.wav,96078,নিজের শহরকে
034dcb1fc1.wav,76878,মেশিন
034ded69d9.wav,134478,প্রতিযোগিনী গোপী আছে
034df37859.wav,118478,বাড়ি ফিরে গেল
034efa9f17.wav,108878,গ্রেপ্তারের দিন থেকে
034f460a94.wav,112078,নজরুল ইসলামই হইতেছেন
034feb0150.wav,169678,অতিনবতারা আবিষ্কৃত হয়
0350d7e2c9.wav,80078,আপিল করার কথা জানিয়েছেন
0350f8c2a3.wav,80078,আমন্ত্রণ জানানো হয়
0351826477.wav,188878,মনোনয়নপত্র জমা দিতে পারেননি
0351accc7b.wav,156878,সংবিধান নাজিল হয়নি
0351d8d9f6.wav,185678,ছটকু সেরাতে এভাবেই ঘুমিয়েছিল
0352294ce4.wav,137678,নিজস্ব অর্থায়নে
03522c8251.wav,108878,মিশোরে যেভাবে সহজে
03523fda40.wav,121678,রাজনৈতিক প্রতিপক্ষ ছাড়া
03525d9372.wav,115278,কোমা এবং শ্বসনতন্ত্রে ডিপ্রেশান
035356334c.wav,118478,সৈয়দ আহসান আলী সিডনি
0353772bab.wav,105678,বিনিয়োগ অব্যাহত থাকবে
03539669c1.wav,137678,জাতীয় পতাকা অর্ধনমিত রাখা হবে
0353f625de.wav,73678,সরকারের মালিকানায়
0354279f43.wav,140878,কোনো আয়োজন ছিল না
035461c03d.wav,99278,জরুরি প্রয়োজনে
035469ec6a.wav,89678,উচ্চকিত হওয়ার
03546ccb78.wav,115278,দাবি জানান তারা
0354e50153.wav,92878,এড়ানো সম্ভব
0354f9c09f.wav,96078,শেষোক্ত ধারায়
03559d82b0.wav,115278,দেবকৃপা নামে একটি সংস্থা
0355ff03e1.wav,92878,বিভিন্ন ঘরানার পাশাপাশি
03561887b5.wav,83278,ছায়াপথের কেন্দ্রকে
03575b3821.wav,86478,কথা শোনা যায়
0357640bb1.wav,102478,একখানি বেদের
0357985888.wav,96078,ব্যয় হয় বলে জানিয়েছে
0357f9a0bd.wav,144078,জসীমউদ্দীনের ‘সৃজনী প্রতিভা’ অল্পদিনেই
035814314e.wav,99278,বাংলাদেশ সরকারের কাছে
035829f7be.wav,108878,কবি সন্ধ্যাকর নন্দী
0358b41c0d.wav,134478,এসব দেশের রাজনৈতিক সঙ্কট
0358b4e047.wav,124878,ইরান সর্বশেষ বিশ্বকাপ খেলেছে
0358d84f1e.wav,89678,মামলা করার বিধান রয়েছে
0358ee6bb5.wav,76878,প্রাণটি থাকবে না।
03591981b4.wav,80078,ইডেন গার্ডেন
03591ad2e3.wav,131278,সিলেটে ইল্যান্সের অফিসিয়াল
0359542d86.wav,115278,নিজের জীবন
0359ce8bdd.wav,108878,অন্যদিন সকাল ৮টার মধ্যে
0359d929db.wav,89678,এতে প্রচণ্ড কষ্ট পেয়েই
035a46affc.wav,115278,অপহৃত শিশুদের বেশিরভাগকে
035a5a9426.wav,163278,মাঝরাতে বিমানটি যোগাযোগ বিচ্ছিন্ন
035a5dff92.wav,76878,চাপ তৈরী করা
035a93773d.wav,112078,খেয়ে সব শেষ করে ফেলেছিল
035ad1dc01.wav,96078,ভাষার শক্তি দিয়ে
035ae7f28b.wav,124878,ঢেউয়ের তোলপাড় চলিতেছে
035af1965f.wav,163278,মোহাম্মদ মোরসির
035b012fb6.wav,86478,এর স্থায়িত্ব
035b4ab413.wav,172878,যুক্তরাষ্ট্রের হাউজ অভ রিপ্রেসেন্টেটিভের
035bc2ab71.wav,76878,দাবী মাসুমের
035bf5d2ef.wav,137678,ব্যবসায়ী সমিতিকে তাদের প্রস্তাবগুলো
035c154f2b.wav,108878,তাঁর আগে
035c343488.wav,99278,অনেকেই অনেকদিন পর্যন্ত
035c41c3d7.wav,124878,বেশিরভাগই ভালাইপুর হাটের
035d3624e8.wav,310478,প্রধানমন্ত্রী রেচেপ তাইপ এরদোয়ান আলবেনিয়াতে তার পূর্ব-নির্ধারিত একটি সফর বাতিল করেছেন।
035d3c517b.wav,70478,অসমীয়া জাতি
035d581932.wav,102478,পরিকল্পনা করেছে
035e5c3256.wav,150478,প্রাচীন মিসরের উপর
035ea64ab4.wav,128078,বদনাম করতে
035ecb6cfe.wav,115278,কেন কে জানে
035ed29e87.wav,233678,বিশেষ করে ড্যান্ডি নামক এক ধরনের নতুন এবং সহজলভ্য মাদকে আসক্ত হয়ে পড়েছে এসব শিশুরা।
035ee6173f.wav,86478,হাতের রেখা বিচার
035efcf5ee.wav,105678,রিয়ালের সমর্থকদের
035f5cab48.wav,86478,বিভিন্ন পরীক্ষা
035f6c254b.wav,89678,সহজেই ভেজাল দুধ
035fbc6b01.wav,137678,এবারের একতরফা নির্বাচনেও
035fe90d4f.wav,76878,তিনি গত ২৪শে এপ্রিল
036083b092.wav,128078,তাস দেখাতে চাইছে না
03608d74c8.wav,118478,সে দাবি করে আনারকলিকে
03609c5f41.wav,70478,সে কি করে
0360cfe858.wav,89678,হযরত আলী মারা যান
0360f7fa2d.wav,102478,প্রত্যেকটি মার্কেট চষে বেড়াবে
03613efb4e.wav,124878,সমস্যা হওয়ার কথা না
03617e4e77.wav,83278,তার একতলায় ছিল
0361adbaad.wav,112078,লুৎফর রহমান জানান
0361f60670.wav,89678,আমি চাই শান্তি
03621a481b.wav,147278,সমর্থিত প্রার্থী এ এ মান্নান
0362323c78.wav,92878,কি খেয়ে বাঁচব
03627bf17e.wav,156878,জুগিয়েছিল সীমাহীন প্রেরণা
0362b1eaca.wav,121678,তার শৈশবও কেটেছে এই গ্রামে।
036311f1cc.wav,128078,ও দায়িত্বশীলদের কারণে
0363411359.wav,137678,মাতিকে পুরুষ যদি ফিরে যায়
0363bf371a.wav,112078,১৯৪৯ সালে আইসল্যান্ড
0363e18606.wav,76878,অনলাইনে কেনাকাটা
036469d03a.wav,112078,তিনটি মূল স্তর
0364f96c65.wav,176078,তাহাদিগকে জীবিতনিরপেক্ষ
0365004000.wav,86478,আমি বেঁচে আছি
03653794bf.wav,108878,প্রত্যর্পণ আইনের
0365737e50.wav,83278,মায়ানমার ভ্রমণ
0365b08ccb.wav,86478,গ্র্যামী পুরস্কার অনুষ্ঠানে
0365c1c171.wav,115278,অভিযোগ প্রমাণিত হলে
0365ca730c.wav,99278,অবতীর্ণ হইয়াছিলেন
03663ccd27.wav,118478,ছবির মূল চরিত্র
03663df932.wav,102478,হঠাৎ বৃষ্টি
036681e27c.wav,76878,উত্তর প্রদেশ
03674e4888.wav,76878,স্টার জলসা
03677f1b61.wav,115278,এরকম অ্যাডভেঞ্চার
0367a19665.wav,124878,টি-টোয়েন্টিতে
0368545496.wav,80078,যৌক্তিকতা যাচাই করা হবে
03685d337d.wav,105678,দাঁড়িয়ে আছে বটগাছটি
03687ca999.wav,73678,এই দুর্ঘটনার পর
0368c0cb3e.wav,92878,আর দুটি অভিযোগে
0368ebc2cf.wav,115278,বিয়ে করব না করব না
0368ecf039.wav,156878,মোজাহারকে অনুসরণ করতে থাকে
0369f3d2de.wav,102478,পর্তুগিজ ধর্মপ্রচারক
036a1f2820.wav,169678,সশস্ত্র বাহিনীর সর্বাধিনায়ক হিসেবে
036a990ece.wav,92878,বিরোধী জোট টানা
036ae75061.wav,76878,আর গুপিও ভাবছিল
036b0115dd.wav,124878,এ বিষয়ে ক্রীড়া প্রতিমন্ত্রীর সঙ্গে
036ca62adf.wav,83278,শাওনকে নিয়ে
036cab7827.wav,92878,অন্যদিকে শহীদ আফ্রিদির জন্য
036cac49c8.wav,73678,হাসপাতালে নিয়ে এলে
036cdc8023.wav,76878,কষ্টও পেয়েছেন
036d2ae31e.wav,76878,২০০৬ সালে
036e08bef5.wav,124878,হাতবোমা ও এসিডসহ
036e10b8b4.wav,156878,ঢাকা চলে যাওয়ার আগের দিন
036e48349a.wav,128078,শিক্ষা ব্যবস্থার পরিবর্তনকে
036e48a5a7.wav,124878,জনগণের শিল্পী এবং শিক্ষক
036e81491a.wav,83278,পেয়ে বসেছিল ওকে
036efbd497.wav,57678,একটি গল্প বললেন
036f76a3fe.wav,131278,বোরকাবিহীন কোনো নারীকে
036fb1ab07.wav,182478,ওই পত্রিকাটিকে জানিয়েছেন
036fd02acb.wav,144078,লা ইলাহা ইল্লাল্লাহু মুহাম্মাদুর রাসুলুল্লাহ
03701fe218.wav,108878,তারা আগের থেকে
0370896fb6.wav,128078,ইস্কাবন কাটা ডিজাইন ছিল
03715ed701.wav,80078,দুরূহ কাজ
0371bbbd8c.wav,86478,মাস দুটোতেই
0371c48350.wav,70478,স্বপ্নদোষ কেন হয়
0371dc9998.wav,188878,তারবিল পিডিবিকে পরিশোধ করে
037277072d.wav,160078,বা সংক্ষেপে ওআইসি
0372e3edb6.wav,67278,বাংলা সাহিত্যে
0373aba642.wav,115278,২৫ থেকে ৩০
0373e3e9a7.wav,99278,ক্রিকেটের আরো খবর
037430587b.wav,86478,তাদের মাদাগাস্কার নিয়ে আসে
037472a507.wav,185678,চমৎকার কর্মতৎপরতা
03749a9437.wav,105678,ব্যবস্থাপনা পরিষদের
0374bce57b.wav,112078,হাহাকার করতে হয়
0374e9c655.wav,76878,বিচার-বিশ্লেষণ করি
0375224df2.wav,86478,যদিও তারা বিষয়টি
037524071c.wav,112078,ভাগ করেন
037571e9d4.wav,92878,শনিবার রাতে
0376124e40.wav,89678,সংস্থার তরফে
037685171b.wav,86478,পরাস্থ করেন
0376cf4863.wav,140878,নিউজিল্যান্ডের ডেইরি শিল্পের ওপর
03782b5c3f.wav,163278,বিজয়কে সাহায্য করতে পারেনি
037838eacb.wav,76878,হামলা করেননি
037844408c.wav,108878,সরকারি কয়েকটি মন্ত্রণালয়ের সাথে
037875fba0.wav,54478,পালন করা হয়
03795d5501.wav,112078,ফেলানীর পরিবারের
0379b5fe33.wav,118478,তা আস্তে আস্তে
0379fa62f6.wav,147278,উর্ধ্বশ্বাসে দৌড়িয়া
037a2bfc16.wav,76878,ভুগতে হবে
037a5c0a7c.wav,131278,এখানে রাজনীতির কী আছে
037a602277.wav,70478,শুভ সন্ধ্যা
037aed78de.wav,179278,আমরা চেষ্টা করেও
037b6e840c.wav,96078,এই দিক থেকে
037b99647c.wav,80078,উৎপাদন হয়েছে
037bc9d1ce.wav,121678,সম্পর্কিত বিবৃতি
037be12897.wav,115278,সমাবেশে আসা লোকজনকে
037bf73f14.wav,105678,বিজ্ঞাপনেও নিয়মিত হচ্ছেন
037c04108d.wav,188878,সমাধানের জন্য সিদ্ধান্ত গ্রহণ
037c7792a2.wav,92878,সর্বশেষ হিসেব অনুযায়ী
037d6fc052.wav,99278,ডোম-চাঁড়ালের ক্ষেত্রেও
037dc964ea.wav,80078,১০ জন মিডফিল্ডার
037e1408dc.wav,131278,নির্বাচনে জনমতের প্রতিফলন ঘটে না
037e76645e.wav,166478,তার প্রতিবেদন পরিবেশন করছেন
037e7b44ac.wav,92878,সরকার যদি দেশকে
037f27d18f.wav,137678,অ্যালান শেপার্ড
037f6ad1b8.wav,144078,প্রাণী পাওয়া গেছে
037f6d4f8e.wav,166478,জাফরগড় পরগনার
037f91b4e1.wav,92878,আর বিবাদী পক্ষে
037f978b0a.wav,96078,সাত বছর বয়সী রিহান
038065b16e.wav,105678,কম্পিউটার থেকে
0380b6ec6c.wav,105678,ভাবটা রয়ে গেছে
0380bdd9c0.wav,156878,তার বাড়ির লোকজন মিলে
0380ea8558.wav,131278,চেষ্টা করতে হবে সরকারকে
038175b07e.wav,131278,হালদা নদী থেকে অবৈধভাবে
0381a0db03.wav,105678,একতা
0381d9679d.wav,67278,পরী মণি
0381e5eff2.wav,102478,কারক
038256d48e.wav,137678,৭টি আসনেই বিজয়ী
03825e58ed.wav,102478,২০ জন গুরুতর আহত হন
03827e1d9a.wav,86478,রাশেদুজ্জামান চৌধুরী
03836f04b0.wav,57678,নিপীড়ন
03848e62cf.wav,92878,দ্বিতীয় উইকেটে
0384bf6062.wav,115278,বেলি ফুলের ছবি
0385125956.wav,86478,তিনি তালা মেরেছেন
0385212573.wav,108878,বিশিষ্ট রাজনৈতিক নেতা
03857d0266.wav,89678,ফলে প্রায় ২৫ মিনিট
0385a236c9.wav,89678,ঠিক তেমন কিছু চিঠিতে নেই
0385c4dab4.wav,83278,সমুদ্র দেখবে
038619ac44.wav,96078,বন্ধ করে দেয়ার নির্দেশ দিয়েছে
0387330581.wav,124878,বৃহস্পতিবার সন্ধ্যা সাড়ে ৭টায়
038759f8d6.wav,99278,তবে নরেন্দ্র মোদি
03878384d9.wav,73678,হাতে গোনার মতো
03879193e8.wav,131278,ইসলামী ব্যাংকের অনুদান নেয়নি
0387cc01e8.wav,86478,সেই পিপাসা
0387dd74ce.wav,105678,নাসরিন বেগম ফেন্সি
03882c3b43.wav,124878,উন্নয়নমূলক কাজের দায়িত্ব পান
0388472199.wav,112078,সমর্থকদের মনে
0388752e18.wav,102478,যুধিষ্ঠিরের চিরকাল স্থূলবুদ্ধি
0388c65639.wav,80078,গাবতলী বাজারে
0389216397.wav,121678,পরক্ষণেই তার মনে পড়ল
0389cbc41f.wav,54478,আপনি এসেছেন
0389edaae1.wav,99278,রাষ্ট্রের উৎপত্তি
038a64a4cd.wav,92878,সমাবেশ নিষিদ্ধ
